Movie,Year,Certificate,Genre,Overview,Runtime,Rating,No.of.Ratings
Bahubali: The Beginning,2015.0,UA,"Action, Drama            ","    In ancient India, an adventurous and daring man becomes involved in a decades old feud between two warring people.",159,8.1,99114
Baahubali 2: The Conclusion,2017.0,UA,"Action, Drama            ","    When Shiva, the son of Bahubali, learns about his heritage, he begins to look for answers. His story is juxtaposed with past events that unfolded in the Mahishmati Kingdom.",167,8.2,71458
1 - Nenokkadine,2014.0,UA,"Action, Thriller            ",    A rock star must overcome his psychological inhibitions to seek revenge for his parents' death.,170,8.1,42372
Dhoom:3,2013.0,UA,"Action, Thriller            ","    When Sahir, a circus entertainer trained in magic and acrobatics, turns into a thief to take down a corrupt bank in Chicago that ruined his father, Indian officers Jai and Ali are called to catch him.",172,5.4,42112
Ra.One,2011.0,U,"Action, Adventure, Sci-Fi            ","    When the titular antagonist of an action game takes on physical form, it's only the game's less powerful protagonist who can save his creator's family.",156,4.6,37211
Dhoom:2,2006.0,UA,"Action, Thriller            ","    Mr A, a fearless thief, steals valuable artefacts and teams up with the girl he is attracted to but who cannot be trusted. Close on their heels are three police officers trying to apprehend them.",152,6.5,22983
Eega,2012.0,UA,"Action, Fantasy            ",    A murdered man is reincarnated as a housefly and seeks to avenge his death.,145,7.7,20636
Krrish 3,2013.0,U,"Action, Sci-Fi            ","    Krrish and his scientist father have to save the world and their own family from an evil man named Kaal and his gang of mutants, led by the ruthless Kaya.",152,5.2,20026
Arjun Reddy,2017.0,A,"Action, Drama, Romance            ","    Arjun Reddy, a short tempered house surgeon gets used to drugs and drinks when his girlfriend is forced to marry another person.",182,8.1,19419
Rangasthalam,2018.0,UA,"Action, Drama            ","    The fear of his elder brother's death starts to haunt an innocent, hearing impaired guy after they both join forces to overthrow the unlawful 30 year long regime of their village's president.",170,8.4,17559
Magadheera,2009.0,A,"Action, Drama, Fantasy            ","    A bike stuntman recalls his previous life as a warrior, and pursues his love's reincarnation. A sinister figure from their shared past threatens to separate them forever.",166,7.6,17542
War,2019.0,UA,"Action, Thriller            ",    An Indian soldier chases after his mentor who has gone rogue following an unexpected kill.,154,6.5,17459
Bharat Ane Nenu,2018.0,UA,"Action, Drama            ","    Bharat, an young graduate, becomes the C.M of Andhra Pradesh (pre-div) after his father demise without any political knowledge, faces challenges in the process of reform the society.",173,7.7,14945
Saaho,2019.0,UA,"Action, Thriller            ","    An undercover cop becomes embroiled in a battle with warring criminals who want to acquire a ""black box,"" their ultimate key to a treasure.",170,5.2,14430
Theri,2016.0,U,"Action, Drama            ","    When his daughter's life is endangered by a local gang, Joseph Kuruvilla will do whatever it takes to stop them. However, at the same time, his dangerous past slowly resurfaces.",157,7.1,12390
Dookudu,2011.0,UA,"Action, Comedy            ","    Ajay, (Mahesh Babu) an undercover cop, is assigned to catch a dangerous mafia don with whom he has a personal score to settle.",170,7.4,12295
Pokiri,2006.0,A,"Action, Thriller            ","    A local goon's killer instincts earn him his girlfriend's disapproval, a corrupt cop's enmity and a wanted don's attention.",164,7.9,12137
Sarkar,2018.0,UA,"Action, Drama            ","    An NRI businessman learns his vote has been cast by someone else and decides to investigate the matter, eventually finding himself pitted against two corrupt politicians.",163,6.8,12003
Athadu,2005.0,U,"Action, Thriller            ","    A gunman for hire is framed for murder, and assumes a dead man's identity while hiding from the police.",172,8.2,11459
The Ghazi Attack,2017.0,UA,"Action, Thriller, War            ","    A Pakistani submarine, Ghazi plans to secretly attack Vizag port. For doing so, it has to get past Indian submarine S21.",116,7.6,11191
Kabali,2016.0,U,"Action, Crime, Drama            ","    Returning from prison, aged gangster Kabali confronts those who had destroyed his life. While doing so, he learns about what had happened to his family when he was gone.",153,6.2,11156
MSG: The Messenger of God,2015.0,U,"Action, Comedy, Drama            ",    Guru Ji is a social reformer who works to help people fight against social evils.,197,5.9,11128
Nanban,2012.0,U,"Comedy, Drama            ","    10 years after finishing college, two best friends and their enemy go on a search for their third friend, while finding out some truths along the way.",188,7.4,10973
Srimanthudu,2015.0,UA,"Action, Drama            ","    Harsha, a multi-millionaire who has everything, still feels that there is something missing in his life. In an attempt to fill the void, he adopts a village to bring change in the people.",158,7.5,10778
Veer - Vivegam,2017.0,UA,"Action, Thriller            ",    An Interpol agent betrayed by his friends sets out to take revenge against the friends who work for a secret agency.,149,5.6,10399
Billa 2,2012.0,A,"Action, Thriller            ","    Small-time diamond smuggler David befriends Goa-based gangster Abbasi. But when David begins to build inroads with an international gangster, Abbasi is not happy. Soon the two turn into bitter rivals.",129,6.2,10038
7 Aum Arivu,2011.0,U,"Action, Sci-Fi, Thriller            ",    A genetic engineering student tries to bring back the skills of a legend of the past and use his skills to save India from a deadly virus attack by China.,160,6.2,9482
Bigil,2019.0,UA,"Action, Drama, Sport            ",    A former football player struggles to train a women's football team and avenge his father's death.,179,6.8,9337
Business Man,2012.0,A,"Action, Crime            ",    Surya arrives in Mumbai to revive the mafia and ends up making enemies who threaten his life.,133,7.1,9265
Geetha Govindam,2018.0,UA,"Drama, Romance            ",    An innocent young lecturer is misunderstood as a pervert and despised by a woman who co-incidentally turns out to be the younger sister of his brother-in-law. Eventually differences subside and love blooms between them.,142,7.7,8846
Mahanati,2018.0,U,"Biography, Drama            ","    Biography of Savitri, an actress from South India movie industry, who ruled the industry for two decades during 50s and 60s.",177,8.5,8732
Spyder,2017.0,UA,"Action, Thriller            ",    An intelligence officer attempts to save the city from a psychotic serial killer who kills people just to hear their loved ones cry.,155,6.6,8666
Nannaku Prematho,2016.0,UA,"Action, Drama, Thriller            ",    An intelligent son of a former entrepreneur takes revenge on a powerful and rich businessman who is as smart as he is.,168,7.6,8589
Dabangg 3,2019.0,UA,"Action, Comedy            ","    Chulbul Pandey encounters an enemy from his past, and his origin story as the fearless cop unfolds.",160,3.3,8542
MSG 2 the Messenger,2015.0,,"Comedy, Drama, Fantasy            ","    MSG 2 The Messenger is based on true events of Dera Sacha Sauda in years 2000-2001. Although the main story line is true, action & comedy is added for entertainment. Saint Gurmeet Ram Rahim...                See full summary »",134,6.7,8413
Manikarnika: The Queen of Jhansi,2019.0,,"Action, Biography, Drama            ","    Story of Rani Lakshmibai, one of the leading figures of the Indian Rebellion of 1857 and her resistance to the British Rule.",148,6.4,8227
Race Gurram,2014.0,UA,"Action, Comedy            ","    Two brothers have two different approaches to life. While one brother follows rules and regulations, the other does things his own way.",163,7.2,8183
Okkadu,2003.0,U,"Action, Romance, Sport            ",    A Kabbadi player rescues a young woman from an unwanted marriage and hides her in his home.,170,8.0,8118
Bommarillu,2006.0,U,"Comedy, Drama, Romance            ",    A young man realizes that he has to push back against his domineering father if he wants to find true happiness and love.,170,8.2,8111
Atharintiki Daaredi,2013.0,U,"Comedy, Drama            ",    The scion of a powerful family is tasked with retrieving an estranged family member.,170,7.2,8081
Khaleja,2010.0,UA,"Action, Comedy, Fantasy            ","    When a mysterious illness ravages a remote village, the villagers embrace a reluctant taxi driver as their savior.",170,7.5,7893
Yennai Arindhaal,2015.0,UA,"Action, Thriller            ","    Sathyadev, a sincere police officer, tries to stop an organ trafficking racket. But he is unaware that the man performing the illegal trade is the same person who killed his beloved.",168,7.3,7746
Thalaivaa,2013.0,U,"Action, Drama, Thriller            ","    A son steps into his father's shoes, has to win a bloody war before he becomes the leader.",179,6.1,7744
Kaala,2018.0,,"Action, Drama            ",    Kaala is about the life of Nellai / Tirunelveli based Tamils who live in large number in Mumbai.,162,6.7,7494
Bairavaa,2017.0,U,"Action, Thriller            ","    Bairavaa, a gallant debt collector, takes on a violent criminal masquerading as a philanthropist in the education field.",169,5.9,7388
Goodachari,2018.0,UA,"Action, Thriller            ","    A young NSA agent is framed for the murder of his bosses making him realize that now his mission is darker than expected and has some personal scores to settle regarding his father's death, a former NSA agent.",147,7.8,7120
Puli,2015.0,U,"Action, Adventure, Fantasy            ",    A virtuous soldier tries to save people from an evil queen and a throne-seeking commander.,155,4.4,7058
Pulimurugan,2016.0,U,Action            ,"    When a small village near a forest is under the threat of man eating tigers and a drug mafia, the villagers seek the help of an unstoppable force, a hunter invincible.",161,6.8,6686
Veeram,2014.0,U,Action            ,"    Vinayagam, an honest man, uses violence to settle disputes. He decides to mend his ways for his lover's sake. Hell breaks loose when he learns about a gang of rowdies following his lover's family.",161,6.5,6661
Vedam,2010.0,A,"Action, Drama            ",    A terrorist threat puts five people in jeopardy.,135,8.1,6492
Yevadu,2014.0,A,"Action, Thriller            ","    A young man receives a life-saving face transplant after he is critically injured and his girlfriend murdered in a vicious attack. Unrecognisable to his enemies, he sets out for revenge.",165,5.6,6373
Aravindha Sametha Veera Raghava,2018.0,UA,"Action, Drama            ",    A young scion of a powerful family with a long history of violence decides to put an end to the bloodshed which leads him to a path of self discovery.,162,7.7,6371
Billa,2007.0,UA,"Action, Thriller            ","    A cop chases international gangster Billa and happens to be the only one to see him die. He places Velu, Billa's lookalike, inside the gang to get information. But Velu is framed for killing the cop.",130,7.2,6144
Jersey,2019.0,U,"Drama, Sport            ",    A failed cricketer decides to revive his cricketing career in his late 30's despite everyone being skeptical of his ability to do so.,157,8.6,6039
Sye Raa Narasimha Reddy,2019.0,UA,"Action, Adventure, Drama            ","    A historical action epic inspired by the life of Uyyalawada Narasimha Reddy, who revolted against the atrocities of East India Company 10 years before the Sepoy Mutiny.",167,7.5,5848
Ala Vaikunthapurramuloo,2020.0,UA,"Action, Drama            ",    A jealous clerk secretly switches his newborn son with his millionaire friend's temporarily stillborn son.,163,7.2,5732
Janatha Garage,2016.0,UA,"Action, Drama            ","    An environmental activist comes to Hyderabad to attend a seminar, where an unexpected encounter with a man who runs an organization for the oppressed, changes his purpose in life.",162,7.3,5562
Gabbar Singh,2012.0,UA,"Action, Comedy            ","    Venkatarathnam Naidu (Pawan Kalyan), son of Suhasini and step son of Nagineedu calls himself as Gabbar Singh after liking the character from Sholay. He turns as a cop and gets posted to his...                See full summary »",153,7.1,5550
Temper,2015.0,UA,"Action, Drama            ","    Daya, a corrupt police officer, finds his life changing when he takes on a case of gang rape.",147,7.4,5524
Singam 2,2013.0,U,"Action, Thriller            ",    Tough cop Durai Singam performs an undercover operation and identifies some nefarious activities in the seas around the coastal town.,166,6.3,5378
Dhruva,2016.0,UA,"Action, Thriller            ","    A committed police officer is on a very dangerous mission to destroy the most corrupt person in the country, Siddharth Abhimanyu.",165,7.9,5346
Jalsa,2008.0,A,"Action, Comedy            ",    A carefree young man's past compels him to confront a criminal boss to acquire land rights.,161,7.3,5294
Maharshi,2019.0,UA,"Action, Drama            ","    Rishi, a millionaire businessman, returns to his homeland, where he becomes the champion of poor and downtrodden farmers.",176,7.3,5197
Pelli Choopulu,2016.0,UA,"Comedy, Drama, Romance            ","    This is an urban rom-com in a modern setting where tradition still has a strong hold. The story starts with the ""pellichoopulu"" or arranged meeting of Prashanth (Vijay Deverakonda) and ...                See full summary »",125,8.2,5167
Arya 2,2009.0,UA,"Action, Comedy            ",    A psychotic willing to sacrifice anything for friendship transforms himself for the sake of his best friend who's not really fond of him.,155,7.4,5164
Chekka Chivantha Vaanam,2018.0,UA,"Action, Crime, Drama            ",    A bloody power struggle erupts between three brothers who are vying to take over the family business following the death of their father.,146,7.3,5127
Naa Peru Surya Na Illu India,2018.0,UA,"Action, Drama            ","    A short tempered soldier aspiring to serve at the borders is tasked with getting clearance signature from his estranged father, a professor, who in turn challenges him to give up anger.",163,6.8,5102
Ki & Ka,2016.0,UA,"Comedy, Romance            ","    Follows a young, married couple whose relationship challenges the gender roles placed upon women and men in Indian society.",126,5.8,5083
Seethamma Vakitlo Sirimalle Chettu,2013.0,U,"Comedy, Drama, Family            ","    An exuberant and evocative family drama, that primarily revolves around the close bond between two brothers with radically different personalities, highlighting the complex process of choosing an ideal life partner for each of them.",159,7.5,5075
Singam 3,2017.0,U,"Action, Thriller            ",    Uncompromising police chief Durai Singam battles against a criminal operation dealing in deadly toxic waste.,155,6.3,5068
Agent Sai Srinivasa Athreya,2019.0,UA,"Action, Comedy, Crime            ",    Agent Sai Srinivasa Athreya is an authentic humorous investigative thriller revolving around the adventures of a detective based out of Nellore.,148,8.5,4985
Jai Lava Kusa,2017.0,UA,"Action, Drama            ","    Sidelined at a very young age due to stammering, the eldest of identical triplets develops hatred for his younger brothers and creates havoc in their lives as they all reunite as adults.",150,7.0,4872
Arya,2004.0,U,"Action, Drama, Romance            ","    Arya (Allu Arjun) is a happy-go-lucky, college-going youth with an attitude. He falls in love with Geeta (Anuradha Mehta) at first sight. He proposes to her in front of her boyfriend Siva. ...                See full summary »",151,7.8,4818
Maattrraan,2012.0,U,"Action, Sci-Fi, Thriller            ","    Conjoined twins Vimalan and Akhilan involve themselves in a series of deaths involving their father's company. However, the truths that they initially uncover lead to a bigger conspiracy, one that spans across the globe.",165,5.9,4741
Kochadaiiyaan,2014.0,U,"Animation, Action            ",    A saga of revenge undertaken by a son for his father's name and his kingdom.,124,6.3,4694
Thaanaa Serndha Koottam,2018.0,UA,"Action, Comedy, Crime            ","    Angered by the corruption that stopped him from becoming a CBI officer, a young man forms a gang who pose as CBI officers and raids the corrupt.",138,6.8,4658
OK Kanmani,2015.0,UA,Romance            ,"    Two young lovers are compatible in every way - they even agree that marriage is futile. However, their emotions are not so easily managed, especially when they witness the unconditional love of the older couple with whom they live.",139,7.4,4632
Dear Comrade,2019.0,UA,"Action, Drama, Romance            ",    A hot-blooded student union leader falls for a state-level cricketer but his anger management issues and violent streak threatens to derail their love story.,169,7.3,4575
Happy Days,2007.0,U,Drama            ,"    The movie revolves around eight youngsters, who become good friends in their freshman years when they join the college for their Bachelors in Engineering (B.E.). The life of these young ...                See full summary »",153,7.9,4416
Sarileru Neekevvaru,2020.0,UA,"Action, Comedy, Drama            ",    A tough army major is deployed to Kurnool on a mission to keep the country safe from external threats.,169,6.1,4367
Julayi,2012.0,UA,"Action, Comedy            ",    A happy-go-lucky man with wit and an instinct to kill teams up with a timid cop after being pursued by the criminal whose plans to rob a bank he foiled.,160,7.2,4329
Kshanam,2016.0,,Thriller            ,"    Rishi, a non-resident Indian, returns to India to help his ex-lover find her kidnapped daughter.",110,8.3,4231
Oopiri,2016.0,U,"Comedy, Drama            ","    Impressed by his carefree attitude, Vikram, a quadriplegic multi-billionaire, hires a convict out on parole as his caretaker. What follows is a string of life lessons they learn from each other.",158,8.0,3927
Baadshah,2013.0,UA,"Action, Comedy            ","    Fast-paced and fiery, this action-oriented revenge thriller follows the transformation of a young man, from an IPS aspirant into fearless Baadshah, an avenging angel wreaking vengeance upon the mafia kingpin, Saadu Bhai.",164,6.4,3898
Sarrainodu,2016.0,UA,"Action, Drama            ",    An intense battle breaks out between an evil son of a politician and an ex army man who can't tolerate injustice.,159,6.4,3876
Kick,2009.0,UA,"Action, Comedy            ",    An adrenaline junkie's quest for kicks leads him to a life of crime.,155,7.8,3874
Leader,2010.0,UA,Drama            ,"    A well educated idealist, who is a son of Political leader in power wants to correct the rigged political system of favors and corruption. However, this soon becomes a game of power. How ...                See full summary »",167,8.0,3868
Anjaan,2014.0,U,"Action, Musical, Thriller            ","    Raju Bhai and Chandru head a thriving gang dismantling everyone coming their way. However when their success reaches the dreaded Imran, their lives take a turn.",166,5.0,3818
Khushi,2001.0,U,"Drama, Romance            ","    While playing matchmaker to a pair of their friends, two young university students begin developing feelings for each other.",169,7.9,3783
Rakhta Charitra,2010.0,A,"Action, Biography, Crime            ",    A killer bandit decides to become a politician in order to avenge deaths in his family.,125,7.6,3718
Mirchi,2013.0,A,"Action, Drama            ","    A man returns to his country in order, ostensibly, to reform his girlfriend's violent family, but he seems to have a strange connection and a rather dark past.",155,7.2,3708
Chatrapathi,2005.0,UA,"Action, Drama            ",    Displaced Sri Lankans in a Vizag port are ruled by a local rowdy. This is the story of Chatrapati Sivaji who overcomes this oppression and how he reunites with his long lost mother and brother.,158,7.6,3700
C/o Kancharapalem,2018.0,UA,Drama            ,    Four unconventional love stories set in the town and including the people of Kancherapalem.,152,9.0,3699
Sachein,2005.0,UA,"Comedy, Drama, Romance            ","    A love triangle on a college campus between two young students who try to deny their feelings for each other. The entry of a lecturer who has a soft corner for the boy, changes things around.",145,6.9,3643
Murari,2001.0,,"Drama, Romance, Thriller            ",    A family is under a curse due to an old sin; due to which a male is bound to die every 48 years.,180,7.8,3630
Vikramarkudu,2006.0,A,Action            ,"    Vikram Rathod, a policeman, joins with a small time thief Satthi Babu who looks identical to him to avenge his own destruction.",140,7.7,3571
Brindaavanam,2010.0,UA,"Action, Comedy, Drama            ",    Krish (NTR) is the son of a billionaire businessman (mukesh Rishi). He has a girl friend Indu (samantha). Her friend Bhoomi (kajal) wants to pursue her higher studies and lands in trouble ...                See full summary »,169,7.1,3511
Panjaa,2011.0,A,"Action, Thriller            ",    A hitman invites the wrath of his boss after beating the latter's son to death for killing an innocent woman.,156,6.5,3479
Nuvvu Naaku Nachchav,2001.0,U,"Musical, Comedy, Family            ","    Venkateswarlu, aka Venky, comes Hyderabad to his father's friend's house where he meets an engaged girl . Things turn upside down when she expresses her love for him .",184,8.7,3475
Gopala Gopala,2015.0,U,"Comedy, Drama, Fantasy            ",    An atheist sues god after losing his shop in an earthquake.,153,7.3,3433
Kaappaan,2019.0,UA,"Action, Thriller            ","    A Special Protection Group officer has to identify the threat to the prime minister, who he is protecting, and also the nation.",166,6.4,3410
Aagadu,2014.0,UA,"Action, Comedy            ",    An encounter specialist is transferred as CI to a village which is ruled by a local gangster,165,5.4,3410
Masss,2015.0,U,"Action, Comedy, Horror            ","    After a life-threatening accident, a man finds that he can communicate with the dead, and must decide whether to act on their advice.",151,6.0,3384
Maanagaram,2017.0,UA,"Action, Thriller            ",    Four youngsters arrive in a big city and their lives become interlinked.,137,8.1,3371
Drushyam,2014.0,U,"Crime, Drama, Family            ","    Rambabu (Venkatesh Daggubati), a cable operator, tries to protect his family from paying the price for their accidental crime.",150,8.3,3344
Yamadonga,2007.0,UA,"Action, Comedy, Fantasy            ","    A lovable scoundrel's life is cut short when he angers the god of death; however, he still has a few tricks up his sleeve.",185,7.3,3341
S/O Satyamurthy,2015.0,UA,"Action, Drama            ",    A rich businessman's son faces multiple challenges after he becomes the sole breadwinner of his family.,162,6.9,3265
Awe!,2018.0,UA,Thriller            ,    Unusual(multiple) persons tend to meet at a Restaurant and their life-changing moments take place in order to know about a single person.,150,7.8,3208
Yatra,2018.0,U,"Biography, Drama, Romance            ",    An Indian politician takes up a decision to go on a 900-mile walking tour as a part of his election campaign. Yatra is an emotional tribute to the former Chief Minister of Andhra Pradesh Y. S. Rajasekhara Reddy.,127,8.2,3193
Fidaa,2017.0,U,"Drama, Romance            ","    Varun and Bhanu, both from different worlds, face challenges in their relationship.",144,7.5,3154
Oosaravelli,2011.0,UA,"Action, Thriller            ","    A youngster, who does anything for money, avenges on those who killed the family of Niharika.",145,6.6,3122
Evaru,2019.0,UA,"Crime, Drama, Thriller            ",    Sub-inspector Vikram Vasudev is entrusted with the task of investigating the murder of a high ranking officer who was killed by his alleged rape victim. When he delves deeper into the case he uncovers some surprising facts.,118,8.2,3115
Odiyan,2018.0,U,"Action, Drama, Fantasy            ","    The story of the Odiyan clan, one of the most dreaded, shape-shifting black magicians in the world which ruled the darkness of night through during the pre-electrification era in Kerala.",167,5.5,3113
Khaidi No 150,2017.0,UA,"Action, Drama            ",    A man (Chiranjeevi) on the wrong side of the law is moved by the plight of farmers to do the right thing.,142,6.0,3107
NGK,2019.0,U,"Action, Drama            ","    An educated do-gooder is forced to enter politics in order to serve the society. But, will the old guard make way and allow him to do that?",148,6.0,3099
Duvvada Jagannadham,2017.0,UA,"Action, Comedy            ","    Trained by a high profile cop, an encounter specialist masquerading as a Brahmin priest takes on a real estate crime organization after losing his uncle.",152,5.6,3087
Bale Bale Magadivoy,2015.0,U,"Comedy, Romance            ",    An easily distracted scientist (Nani) goes to great lengths to make sure that his girlfriend (Lavanya Tripati) and her family members don't find out about his mental condition.,137,7.8,3073
Manmadhudu,2002.0,U,"Comedy, Romance            ",    A misogynist is forced by circumstances to work with a woman.,142,8.3,3046
Mr Perfect,2011.0,U,"Drama, Romance            ","    Vicky (Prabhas), an expert in gaming software, lives in Australia and never compromises in his life, a principle he adheres to since his childhood. He believes that one should be oneself in...                See full summary »",144,7.1,2917
Orange,2010.0,U,"Comedy, Drama, Romance            ","    A man, who doesn't believe that love can last a lifetime, pursues an exuberant romantic, but their clashing ideologies keep them apart.",162,6.6,2837
Anirudh,2016.0,U,"Action, Drama, Family            ","    To consolidate his position in the family, a man tries to arrange a marriage for his daughter, but the suitable boy he has in mind is already in love with another.",156,4.3,2785
Gamyam,2008.0,,Drama            ,"    Two guys, one a thief and the other filthy rich, meet each other in a journey started by the latter in search of his love.",120,8.3,2762
Kanche,2015.0,UA,"Action, Drama, History            ","    A rivalry between two men, based on caste and social status, extends from an Indian village to war torn Europe during WW2.",126,7.9,2755
Naayak,2013.0,A,Action            ,    A young man and his lookalike team up to fight injustice and settle their personal scores with the evildoers.,153,5.5,2749
Malliswari,2004.0,U,"Comedy, Romance            ","    When her father dies, a wealthy heiress is sent to another city to protect her from people who try to harm and manipulate her. Living under an assumed identity, she meets a handsome banker and falls in love with him.",150,7.8,2747
Nuvvostanante Nenoddantana,2005.0,,Romance            ,"    Before he can marry his sweetheart, a wealthy city boy from England is challenged to prove his work ethic on a farm in rural India.",165,7.7,2744
Ye Maaya Chesave,2010.0,UA,Romance            ,"    Karthik finishes engineering school and aspires to become a filmmaker. His friend Krishna takes him to director Puri Jagannath and pleads with him to take him as his assistant. Meanwhile, ...                See full summary »",155,7.7,2697
Rudhramadevi,2015.0,UA,"Action, Biography, History            ",    Queen Rudrama Devi's reign in southern India during the 13th century is herein recounted.,157,5.8,2607
Cameraman Gangatho Rambabu,2012.0,,"Action, Drama            ",    A fast-paced socially relevant political drama that revolves around the struggles of an ordinary citizen against crime and political corruption.,148,5.7,2582
Majili,2019.0,UA,"Drama, Romance            ",    A former cricket player nursing his wounds of a failed relationship takes up the task of training his ex-lover's daughter and in the process discovers his feelings towards his wife and her unrequited love for him.,154,7.2,2579
Uttama Villain,2015.0,U,"Comedy, Drama            ","    Manoranjan, a superstar, is counting his last days due to brain tumor. How he goes about his final wish of doing a comedy film with his mentor Margadarsi forms the crux of the story.",171,7.2,2566
Arundhati,2009.0,A,"Horror, Mystery, Thriller            ","    A brave queen battles an evil mystic. Three generations later, he comes back to haunt the queen's descendants.",131,7.3,2564
Agnyaathavaasi,2018.0,UA,"Action, Drama            ","    An exiled heir to billionaire, returns after his father was murdered, as a regular employee to find out the killers and make things right in his company.",158,4.5,2526
Pilla Zamindar,2011.0,U,"Comedy, Drama            ",    PJ has to go through a rough journey of living like a common man and graduating from a village-based college to inherit his grandfather's wealth.,148,7.7,2494
100% Love,2011.0,U,"Comedy, Drama, Romance            ","    When his cousin Mahalakshmi comes to stay, Balu is challenged to an extent rare in his charmed life. Will Balu let himself be seduced by Mahalakshmi's bubbly spirit and sharp brain, or will his ego prove an insurmountable barrier?",141,7.0,2493
Aa Naluguru,2004.0,,Drama            ,    A man fights for his philosophy: that human relations are more important than money.,141,8.5,2464
Vinaya Vidheya Rama,2019.0,UA,Action            ,"    When the happiness of his family is held to ransom by a violent crime lord, Ram sets out on a quest to destroy his nemesis and his criminal empire.",146,3.3,2435
Happy,2006.0,U,"Action, Comedy, Drama            ",    An orphan working as a Pizza delivery boy and the daughter of a caste-based politician are forced to get married in an unforeseen situation.,152,7.0,2424
Ala Modalaindi,2011.0,,"Comedy, Drama, Romance            ","    On the day of his girlfriend's marriage, Gautam gets kidnapped by an unknown criminal. Bored on the way to the kidnapper's den, Gautam is forced to narrate his cute love story which is filled with loads of twists and turns.",136,7.7,2394
Prasthanam,2010.0,,"Action, Drama            ",    A politician's hot-blooded son starts to rebel uncontrollably when his intelligent stepbrother is chosen as the heir to the throne.,153,8.3,2390
Dhee,2007.0,,Comedy            ,    A guy who is irresponsible was joined to a job of accountent in local rowdy by his farher.he loves the sister of the rowdy after knowing she is having a threat from another local rowdy hero makes a plan to marry her and kil that rowdy ..,142,7.4,2383
Iddarammayilatho,2013.0,UA,"Action, Thriller            ","    A young woman becomes embroiled in a financial and political conspiracy while studying in Spain, as she meets a young musician with a somewhat dark past unfolded through the pages of his lover's diary.",137,5.7,2376
Simhadri,2003.0,,"Action, Drama            ","    Simhadri, A loyal servant in a landlords house also leads a secret life as Singamalai. A powerful leader in the state of Kerala",170,7.4,2371
Taxiwaala,2018.0,Not Rated,"Comedy, Horror, Thriller            ","    A job monger, Shiva ends up as a taxiwala only to realise that his ride is a beyond what anyone could have expected.",137,7.0,2368
Parugu,2008.0,U,"Action, Romance            ",    A group of friends are tasked with finding the daughter of a village head who believes them to have helped her elope.,159,7.0,2355
Rakhta Charitra 2,2010.0,A,"Action, Biography, Crime            ","    After avenging the death of his father and brother, a man must now content with another vengeful male.",135,6.4,2338
Maryada Ramanna,2010.0,U,"Action, Comedy, Drama            ","    A man returns to his parents' village to claim his land. Along the way, he befriends a charming young woman. Unbeknownst to him, her family has a long-standing feud with his family.",125,7.4,2337
Rachcha,2012.0,UA,Action            ,    A betting teenager involves in a larger bet than he imagined.,143,4.3,2336
HIT,2020.0,UA,"Crime, Drama, Mystery            ","    Vikram is a 30-year-old cop. While he is battling with his own traumatic past, the stakes get high when a girl called Preethi mysteriously disappears in Hyderabad and Vikram has to solve the case at any cost.",125,7.8,2327
Nota,2018.0,A,Drama            ,    A bachelor who is unaware of the political world is appointed a Chief Minister when his corrupt father retires.,145,6.4,2309
U Turn,2018.0,UA,"Mystery, Thriller            ",    The plot revolves around the death of motorists who break a traffic rule at a particular flyover in Hyderabad and the subsequent pinning down of the culprit by an intern journalist and police inspector duo.,128,7.0,2307
Zanjeer,2013.0,UA,"Action, Drama            ",    ACP Vijay Khanna is transferred to Mumbai where he will have do deal with the oil mafia led by Rudra Pratap Teja.,137,3.2,2249
Ezra,2017.0,U,"Horror, Mystery, Thriller            ","    A newly married woman brings an antique Jewish box into her home, unaware that the box contains the ghost of Abraham Ezra.",147,6.7,2243
Bhaagamathie,2018.0,UA,"Action, Horror, Thriller            ","    IAS officer Chanchala Reddy is imprisoned in a haunted house, while she is interrogated by law enforcers investigating a politician they suspect of corruption.",138,7.0,2217
Adhurs,2010.0,UA,"Action, Comedy, Thriller            ",    Male twins are separated at birth and live their lives in different backgrounds - until one gets abducted.,150,6.7,2196
Sardaar Gabbar Singh,2016.0,UA,"Action, Comedy            ",    A kingdom called Rathanpur was taken ruthlessly by a feudal lord named Bhairav Singh. The princess of that empire was in a hopeless situation until a maverick cop named Sardaar Gabbar Singh came along.,164,4.8,2178
Ninnu Kori,2017.0,U,"Comedy, Romance            ","    Two lovers, Pallavi and Uma get separated by circumstances, but reconnect years later, when Pallavi is happily married to someone else.",137,7.6,2166
Indra,2002.0,U,"Action, Drama            ","    Since 1965 bitter hatred and animosity has reigned between two families, namely that of Indrasen's and the Reddys, which results in the death of Indrasen's dad, and his two uncles, one of ...                See full summary »",173,7.4,2129
Vishwaroopam 2,2018.0,,"Action, Thriller            ","    A continuation of Vishwaroopam (2013), it showcases Wisam's relationship with his wife and team as he struggles to counter an impending terror attack planned by his archenemy, Omar.",145,5.9,2074
Oru Adaar Love,2019.0,UA,"Comedy, Romance            ","    The movie depicts the life and times of a group of schoolmates who are best buddies. As they journey through the most memorable times of their lives, lasting friendships are forged and extraordinary tales of romance blossom.",145,5.5,2059
Tholi Prema,2018.0,UA,Romance            ,    A love story that weathers time and emotions. Aditya sees Varsha and it is love at first sight for him. What transpires over the next 7 years is what makes their love stronger.,137,7.3,2058
Brochevarevarura,2019.0,U,Comedy            ,"    This is the story of 'R3 batch' consisting of Rocky, Rambo and Rahul, three friends who keep failing every year and are stuck with studying inter.",138,8.0,2053
7/G Rainbow Colony,2004.0,A,"Drama, Romance            ",    A neighborhood good-for-nothing attempts to romance the new girl in town.,185,7.8,2042
Tagore,2003.0,U,"Action, Drama            ","    Ravindranath Tagore, a physics professor, forms the ACF [Anti Corruption Force] along with his former students to take on corruption in society.",175,7.8,2032
Gang Leader,2019.0,UA,"Action, Comedy            ","    Nani plays the gang leader of five women belonging to different age groups, helping them to plot revenge.",155,7.6,2027
Bujjigaadu: Made in Chennai,2008.0,A,"Action, Drama            ","    Bujji (Prabhas) runs away from his home in his childhood because of a dispute with his girlfriend Chitti (Trisha). He ends up in Chennai for 12 years, and the rest of the story is about how they meet now to make their love successful.",150,6.4,1970
Sye,2004.0,A,"Action, Drama, Sport            ",    Students of a college form a Rugby team and play against a violent gang of thugs to get back their college land.,167,7.4,1961
Yevade Subramanyam,2015.0,U,"Adventure, Comedy, Drama            ",    A man who is overly focused on long-term career goals is exposed to the opposite attitude in a friend who believes in living life to the fullest rather than sacrificing present joy for future success.,150,7.6,1944
Mathu Vadalara,2019.0,UA,"Comedy, Crime, Thriller            ","    Simha is a courier delivery boy who gets peanuts as salary despite putting in a lot of hard work. As Babu gets frustrated with his job, his friend and roommate Satya shows him how to get '...                See full summary »",130,8.3,1935
Katamarayudu,2017.0,UA,"Action, Comedy            ",    A man with a violent streak is trying to reform but gets pushed into a situation where he has to take action.,146,5.7,1933
Maari 2,2018.0,UA,"Action, Comedy            ","    Gangster Maari squares off against Beeja, a hardened criminal who considers himself to be the God of death.",143,5.6,1925
Gautamiputra Satakarni,2017.0,UA,"Action, History            ",    This movie chronicles the life of a South Indian ruler of the Satavahana Empire in South India in the 2nd century CE.,131,6.5,1909
Rx 100,2018.0,A,"Action, Drama, Romance            ","    Believing his girlfriend loves him even after being married, a man waits for her return and in the process ignites violence.",153,6.9,1897
A... Aa,2016.0,U,"Comedy, Romance            ",    Anand and Anasuya meet each other on a train ride. The two eventually fall in love and have to fight for their relationship.,152,6.8,1892
Aalavandhan,2001.0,A,"Action, Thriller            ","    A psychopath tries to protect his twin brother from a lady he visualizes as his evil stepmother, and eventually ends up fighting with him.",177,7.1,1891
F2: Fun and Frustration,2019.0,UA,Comedy            ,"    After Venky, Varun also gets married thinking he can keep the wife in control but both of them get frustrated with the marital life which generates fun.",148,6.2,1878
The House Next Door,2017.0,A,Horror            ,"    A young married couple begin to encounter several paranormal attacks, when a family moves into a neighbouring house, that is being haunted by a vengeful spirit, which leads them to perform an exorcism in order to help save the neighbours.",137,6.8,1865
Krishna Gaadi Veera Prema Gaadha,2016.0,UA,"Action, Comedy, Romance            ","    Krishna (Nani) is a coward who is in love with Mahalakshmi (Mehreen Pirzada) and they have kept it a secret. Mahalakshmi is sister of Ramaraju, who in turn is a henchmen of Rajayya. At the ...                See full summary »",148,7.5,1854
Prince,2010.0,UA,"Action, Sci-Fi, Thriller            ",    A thief is caught in a race against time after he wakes up with no memory and has to find an antique coin which might be the root cause.,138,4.2,1838
Thoongaavanam,2015.0,UA,"Action, Thriller            ","    A cop with a connection to the criminal underworld finds his secret life exposed when he and his partner are caught stealing cocaine from a powerful drug dealer, a move that puts his son's life in jeopardy.",128,7.0,1821
Govindudu Andari Vaadele,2014.0,,"Action, Drama            ",    A man returns to India to find his family on the brink of a rift. He must push past his tendency to take everything lightly and work to heal his clan.,160,5.6,1815
Anand,2004.0,U,"Comedy, Drama, Musical            ","    A rich guy falls in love with an independent and strong-minded girl, and moves into her simple neighborhood to earn her love.",180,7.8,1814
Baba,2002.0,,"Action, Drama, Fantasy            ","    Baba (Rajini) an atheist, by a twist of fate, acquires magical powers from a divine source and takes on crooked politicians.",179,5.1,1795
Dhammu,2012.0,A,"Action, Drama            ",    An orphan gets adopted by a rich and powerful family looking for a heir. But the family has a dark violent past due to dispute with a rival family. What will he do when the fate of his village depends on him?,155,5.2,1794
Ramayya Vastavayya,2013.0,A,"Action, Drama            ",    Nandu a happy go lucky boy falls in love with Akarsha (Samantha) only to avenge his fiance's death.,167,5.1,1773
NTR: Kathanayakudu,2019.0,U,"Biography, Drama            ","    Based on the journey of the legendary Telugu actor, filmmaker and ex-Chief Minister Late Taraka Rama Rao Nandamuri.",169,5.7,1769
Chirutha,2007.0,,Action            ,"    The consequences that follow after the love between hero and heroine, when they accidentally fall in love on an island.",117,5.3,1736
Thaandavam,2012.0,U,"Action, Thriller            ",    A blind man with his 'Echolocation' power takes on a revenge mission.,160,6.1,1691
Athidhi,2007.0,A,Action            ,    Athidi(Mahesh Babu) is falsely convicted for killing his adopted parents and goes to jail for 13 years and when he comes back he loves Amrita (Amrita Rao) unaware that she is the daughter of his adopted parents.,300,5.5,1691
Penguin,2020.0,,"Drama, Mystery, Thriller            ",    It is a spine chilling tale of a pregnant mother who sets out on a dangerous mission to unravel the mystery and save her loved ones.,132,4.6,1671
Badrinath,2011.0,A,Action            ,    A skilled warrior and the protector of Badrinath temple finds his loyalties divided while trying to revive an agnostic's faith in God.,140,4.3,1640
Nenu Local,2017.0,UA,"Action, Comedy, Romance            ","    A happy-go-lucky man accidentally falls in love with a woman whose father despises him. To further complicate matters, his lover has another suitor, who is deemed more worthy of her.",150,6.4,1626
Oh Baby...,2019.0,U,"Comedy, Drama, Fantasy            ","    A seventy-year-old woman, Savitri aka 'Baby' gets a second chance to relive her youth when gets transported into the body of a 20-year-old girl and embarks on an exuberant journey of rediscovering herself.",161,7.4,1601
Hello Guru Prema Kosame,2018.0,U,"Comedy, Romance            ","    After a rocky start, a friendship develops between a happy-go-lucky youth and a girl from the city.",140,7.1,1569
Rabhasa,2014.0,A,"Action, Comedy            ","    Karthik's mother wants him to marry Indu, the daughter of her brother, Dhananjay. However, when his father goes to Dhananjay's house, he is insulted. Agitated, Karthik decides to seek revenge.",153,4.9,1568
Sainikudu,2006.0,UA,Action            ,    Siddharth and his friends rescue a village in Warangal from severe floods. Sidhartha is convinced that Govt will give some relief package to the flood effected. Some time later he realizes ...                See full summary »,169,5.1,1568
Ishq,2012.0,,"Comedy, Romance            ",    Priya falls in love with rahul during a delayed flight journey but realizes that he and her brother share a past,160,7.3,1566
Arjun,2004.0,U,Action            ,    A young man risks his life to guarantee his twin sister's happiness and protect her from murderous in-laws.,0,6.5,1562
Badri,2000.0,U,"Comedy, Drama, Romance            ","    Badri (Pawan Kalyan) is an ad agency director whose parents are settled in the USA. He has a love called Vennela (Renu Desai), who is a close family friend of Badri's family. Their parents want these two to tie the knot.",158,7.1,1556
Krishnarjuna,2008.0,U,"Comedy, Drama, Romance            ","    An astrologer's advice forces Pedababu to fix his sister's wedding to Arjun, an orphan, so that he can be killed, and she can be married to a rich man. However, Lord Krishna comes to Arjun's rescue.",134,4.9,1553
Saleem,2009.0,,"Action, Comedy            ",    Saleem is a 2009 Telugu film directed by YVS Chowdary (of Devdas fame). Graphics are the main attraction of the movie. The movie starts with Saleem (Vishnu Manchu) beating up baddies in a ...                See full summary »,120,4.6,1542
Nijam,2003.0,UA,Action            ,    A young man is guided by his mother in a methodical manner to avenge his father against the perpetrators who falsely accused and killed him.,196,6.6,1540
Bruce Lee: The Fighter,2015.0,UA,"Action, Comedy            ",    A stuntman is mistaken for a police officer by an idealistic woman and begins fighting crime on behalf of the police.,151,5.5,1537
MCA Middle Class Abbayi,2017.0,UA,"Action, Comedy            ","    A youngster tries to protect his sister-in-law, a transport official, from a dreaded goon who runs an illegal road transport business.",144,5.8,1534
Ee Nagaraniki Emaindi,2018.0,UA,"Comedy, Drama            ","    The story is based on four childhood friends who go on a trip to Goa. Each have their own dream careers, and collaborate to make a short film.",122,7.9,1523
Nenu Sailaja,2016.0,UA,"Action, Comedy, Romance            ","    Hari (Ram), a DJ, proposes to many girls but none of them accepts his love. One day he sees a beautiful girl Sailaja (Keerthi Suresh) and she seems to like him too, but fear of rejection keeps him from speaking up.",155,6.9,1520
Gentleman,2016.0,U,"Mystery, Romance, Thriller            ","    Catherine finds herself in a web of deception and lies when she finds out that the fiance of her friend Aiswarya might not be as ""Gentleman"" as he seem.",144,7.1,1518
Student No. 1,2001.0,U,"Action, Crime, Drama            ",    Aditya (Jr. NTR) joins a law college in Vizag as a student. The law college is notorious for its unruly students headed by Satya (Rajeev Kanakala). Aditya is shown as a young mysterious man...                See full summary »,130,6.8,1502
Kumari 21F,2015.0,A,"Drama, Romance            ",    An immature teenager doubts the virginity and loyalty of his overly outgoing girlfriend.,134,7.8,1492
Billa,2009.0,A,"Action, Thriller            ",    A police inspector sends a gangster-lookalike to uncover the gang's secrets.,149,6.1,1491
Love Ke Liye Kuch Bhi Karega,2001.0,,"Comedy, Crime, Romance            ","    Desperate for money, three men (Saif Ali Khan, Fardeen Khan) plot to kidnap a woman (Sonali Bendre) and hold her for ransom.",131,6.0,1490
Chitralahari,2019.0,U,Drama            ,"    Down on luck and depressed by constant failures in personal and professional life, Vijay is desperately in search of that single stroke of fortune that could turn his life around. But what if the power to rewrite his destiny lies within?",131,7.2,1481
Shankar Dada MBBS,2004.0,U,Comedy            ,    A doctor treats patients with humanity (not with medicines).,174,7.4,1479
Teen Maar,2011.0,,"Comedy, Drama, Romance            ",    A man reconsiders his ideas about love in the modern world after he hears a love story from 40 years ago.,149,5.6,1476
Kanthaswamy,2009.0,UA,Action            ,"    A CBI officer moonlights as a modern day Robin Hood in the guise of the masked Kanthaswamy, as he helps fight corruption and aid impoverished people.",190,5.0,1468
Komaram Puli,2010.0,,"Action, Crime, Thriller            ",    Komaram Puli (Pawan Kalyan) is a honest police officer. He runs a special vigilence team call Puli Team and solves cases. He comes to know about a missin g police officer Hussain (SJ Surya)...                See full summary »,163,3.5,1463
iSmart Shankar,2019.0,A,"Action, Sci-Fi            ","    iSmart Shankar, starring Ram Pothineni and directed by Puri Jagannadh revolves around a hero who has another man's memory transferred into his head.",140,5.5,1428
Anukokunda Oka Roju,2005.0,U,"Mystery, Thriller            ",    A woman with amnesia tries to unravel the mystery of the missing day in her life.,145,8.0,1426
Bheeshma,2020.0,UA,"Action, Comedy, Romance            ","    The film revolves around Bheeshma, a man making his living as a meme creator, who wants to remain single forever. But will he be able to?",150,6.6,1419
Karthikeya,2014.0,,"Mystery, Thriller            ",    Karthikeya(Nikhil) who loves to solve mysteries goes to Subramanyapuram for a medical camp where the villagers are frightened by a deadly snake in the temple.How Karthikeya will solve the mystery is the crux of the story.,113,7.4,1418
Desamuduru,2007.0,UA,"Action, Drama            ","    After thrashing a goon's son, a crime reporter escapes to Kulu Manali where he falls for a woman who soon gets kidnapped.",148,6.1,1378
Gunde Jaari Gallanthayyinde,2013.0,,"Comedy, Drama, Romance            ","    Nitin saw a girl and fell for her.After searching for her he gets her number from a friend. He contacts her and they both fall in love, but little does he know that he was talking to ...                See full summary »",150,7.1,1373
Pailwan,2019.0,UA,"Action, Drama, Sport            ","    Krishna, a fierce wrestler, faces challenges in his personal life as he tries to fulfill the dream of his father, an ex-wrestler.",166,6.4,1364
World Famous Lover,2020.0,UA,Romance            ,"    An amalgamation of four different love stories: Seenayya and Suvarna, a middle-class couple in a small town; Gautham, a youngster romancing in Paris with Iza, Union Leader Srinu in love with his boss lady, and a first college romance.",154,4.6,1342
Theeya Velai Seiyyanum Kumaru,2013.0,U,Comedy            ,"    A shy, introvert tries to impress a girl with the help of a love guru.",130,6.1,1322
Raja The Great,2017.0,UA,"Action, Comedy            ",    Raja who is born blind but has extraordinary senses and is a trained skillful fighter is assigned to rescue a girl.,149,6.5,1321
Kadaram Kondan,2019.0,UA,"Action, Thriller            ","    Vasu, a young medico, after rescuing one of his patients from a murder attempt finds out that his pregnant wife is abducted, and the kidnappers demand the patient he saved in exchange for her safety.",121,5.7,1311
Sammohanam,2018.0,U,Romance            ,"    An unexpected encounter leads a cartoonist, who despises film actors, to fall in love with an actress.",137,7.6,1308
Simha,2010.0,,"Action, Drama            ",    A Tale of Father and Son who brings down Injustice in their reign.,155,5.8,1307
Aithe,2003.0,U,"Action, Adventure, Thriller            ",    Irfan Khan (Pavan Malhotra) is a key mafia affiliate in Mumbai. Khan is on the wanted list of criminals in Hyderabad with a bounty of 50 lakhs. Aiming to migrate to Dubai so that he could ...                See full summary »,140,8.1,1297
Takkari Donga,2002.0,U,"Action, Adventure, Comedy            ",    Outlaw in the Indian (not Native American) wild west shoots it out with bad guys over a girl and a diamond mine.,165,6.8,1272
Kadhalil Sodhappuvadhu Yeppadi,2012.0,U,"Comedy, Romance            ","    A boy and girl fall in and out of love, several times over.",125,7.1,1266
Pammal K. Sambandam,2002.0,U,"Comedy, Musical            ",    A single movie stuntman attempts to save the marriage of his hen-pecked brother.,155,7.1,1266
Kanchana 2,2015.0,UA,"Comedy, Horror            ","    A couple of revenge seeking ghosts haunts an innocent man, and the people surrounding him, to get justice for their murders.",166,5.5,1263
Saroja,2008.0,U,"Adventure, Comedy, Crime            ","    Four friends, Jaga, Ganesh, Ajay and Vishwas are motoring to a cricket game. An accident leads them to divert on a side road, where they encounter a criminal gang that has kidnapped a young girl and shot a policeman - in front of them....",156,7.1,1255
Vel,2007.0,U,"Action, Comedy, Drama            ","    On the search of his missing brother, Vasu finds out that Vel is his twin brother and risks his life to clear his brother's problem given by Sakarapandi an X-MLA .",160,6.0,1246
Pandavulu Pandavulu Thummeda,2014.0,,Comedy            ,"    When Naidu confronts his son's rival group to end their squabbles, he encounters their mother Satya, his long lost love, separated by the twist of fate. As Honey learns the secret between ...                See full summary »",156,6.4,1244
Doosukeltha,2013.0,,"Action, Comedy            ",    Venkateswara Rao (Vishnu Manchu) and Alekhya (Lavanya Tripathi) met each other when they were children. But for Venkateswara's mischief Alekhya and her mother had to leave their entire ...                See full summary »,161,6.7,1238
Oohalu Gusagusalade,2014.0,U,"Comedy, Romance            ",    N. Venkateswara Rao a.k.a. Venky (Naga Shourya) works in UB TV and his aspiration is to become a news reader just like his father N. Bhanu Murthy who discontinued his work as a news reader ...                See full summary »,128,7.7,1234
Rowdy,2014.0,,"Action, Crime, Drama            ","    Anna rules over his people in Rayalaseema and they revere him as God. When an upcoming project threatens the well- being of his people, Anna opposes it. In the bargain, he earns some dangerous enemies.",109,6.4,1230
Devadas,2018.0,UA,"Action, Comedy, Drama            ",    A staid doctor's monotonous routine is shaken up when a gangster who is on the run decides to hide from the police in his clinic.,159,6.7,1225
Sokkali Mainor,2016.0,UA,"Comedy, Drama            ","    To keep her late husband's son and his wife from seeking a divorce, a widow enlists the help of her husband's spirit.",145,6.4,1221
Dhenikaina Ready,2012.0,,"Action, Comedy            ",    A muslim man enter's his uncle's house in disguise to reunite his mother with her brother.,125,6.1,1201
Political Rowdy,2005.0,,Action            ,"    Vithal is a rowdy who commands respect from state heads like CM. He hates women and remains a bachelor even at the age of 45. Kaveri, a naughty college student, grabs the attention of ...                See full summary »",155,5.2,1199
Anukshanam,2014.0,A,"Crime, Thriller            ","    Based on real-life events, this crime thriller traces the terrible trail left by a serial rapist and killer, highlighting the ensuing media coverage, public panic and one police officer's personal crusade to capture the psychopath.",82,6.5,1189
Stalin,2006.0,UA,"Action, Drama            ",    The story is about how an ex-army officer brings change in society by making people to help each other.,168,5.9,1168
Godavari,2006.0,U,"Drama, Romance            ","    While on a cruise on the river Godavari, a romance ensues between a heartbroken idealist Ram and an independent woman, Sita",160,7.8,1159
Suryam,2004.0,U,"Action, Romance            ",    A man sets out to fulfil his mother's last wish after serving his term in a juvenile detention center for a murder he did not commit.,150,5.1,1150
Balu,2005.0,U,"Action, Crime            ",    Balu is about a youngster who is ready to sacrifice everything he had for the sake of good.,169,6.0,1148
Savyasachi,2018.0,UA,Action            ,"    A twin brother of the protagonist is absorbed due to Vanishing Twin Syndrome and controls his left hand. When his life is threatened, the twin brother that never existed protects him like a shield.",151,5.4,1144
Nene Raju Nene Mantri,2017.0,UA,"Action, Thriller            ",    Radha jogendhra journey to the Chief Minister position and what inspired him to go after political power.,153,5.8,1144
Varsham,2004.0,,"Action, Comedy, Romance            ",    Venkat and Sailaja are youngsters at Warangal who fall in love. Bhadranna is the most dreaded and ruthless landlord in Nizam area. Bhadranna also likes Sailaja and wants to marry her. Ranga...                See full summary »,159,7.1,1139
Kaashmora,2016.0,UA,"Action, Comedy, Fantasy            ",    Kaashmora uses black magic to conjure an ancient warlord and his queen. Hilarity and horror ensue.,163,5.5,1131
Run Raja Run,2014.0,U/A,"Comedy, Drama            ","    A cheated police officer who has been involved in a scam by his co-officer, goes to jail. His son seeks revenge with an extremely thrilling plan along with his friend.",137,7.4,1131
Abhiyum Naanum,2008.0,U,"Comedy, Drama, Family            ","    The father of a grown daughter meets the father of a toddler at a playground and recounts the story of his own relationship with his daughter through the years, including his difficulties with accepting her marriage.",147,7.6,1126
Eedo Rakam Aado Rakam,2016.0,,"Comedy, Romance            ",    What happens when the lives of two friends take an unexpected turn? A whole lot of confusion follows. Will they be able to get out of the mess? That forms the crux of the story.,129,7.0,1123
Asthram,2006.0,U,"Action, Crime, Thriller            ","    The story of an honest and strict IPS officer who wants to bring all criminals to justice and wishes to purge the country completely of terrorism, since his family was also once a victim of a terrorist attack.",140,5.8,1117
Irandam Ulagam,2013.0,U,"Action, Fantasy, Romance            ",    Two parallel love stories on two planets.,158,5.7,1103
Sree,2005.0,,Action            ,"    A son gets involved in a land feud to protect his beloved, and ends up taking revenge for his father's death.",135,5.3,1097
Aadi,2002.0,A,"Action, Drama, Romance            ","    Aadi Keshava Reddy, a youngster, returns to his homeland after 14 years to take revenge on Nagi Reddy who killed his family.",157,7.2,1096
Jhummandi Naadam,2010.0,,Drama            ,    Balu (Manoj Kumar Manchu) loves music very much. He wants to become a famous musician. He left his village and came to Hyderabad to fulfill his dream. He rented a house across the house of ...                See full summary »,145,5.3,1094
Pandurangadu,2008.0,UA,"Drama, Fantasy            ",    A playboy in the medieval times discovers his divinity towards Lord Krishna.,156,5.2,1086
Naani,2004.0,,Romance            ,"    Naani is an 8 year old boy who attempts suicide, but is rescued by a scientist who changes his life completely with his invention. The boy had no clue that this will transform his life and teach him how to be a good son, lover and father.",155,5.2,1084
Shatamanam Bhavati,2017.0,U,Drama            ,    The anguish that negligent children can cause is depicted here from the parents' perspective.,129,7.0,1077
Mass,2004.0,UA,"Action, Drama            ",    A man taking revenge on the killers of his loyal friend.,170,6.4,1068
Swamy Ra Ra,2013.0,UA,Crime            ,    A small time crook faces a big time challenge: he must fight to retrieve a priceless article and win the heart of his love.,120,7.3,1057
Ekkadiki Pothavu Chinnavada,2016.0,,"Comedy, Fantasy, Romance            ","    Arjun(Nikhil) is a visual effect supervisor with a bad love failure. One fine day, he takes his friend(Vennela Kishore) for treatment as the latter is possessed by an evil spirit. There he ...                See full summary »",140,7.5,1056
Amazon Obhijaan,2017.0,UA,"Action, Adventure            ","    Shankar, an adventurer, teams up with Anna Florian and her father to travel a thousand miles and fight off every danger to reach the mythical city of El Dorado.",140,4.7,1055
Chi La Sow,2018.0,U,"Comedy, Romance            ","    While Arjun doesn't want to get married, his parents set up a blind date for him at his place. The story revolves around Arjun, how he falls for the girl he's about to meet, why and how he changed his decision to get married.",135,7.8,1054
Kanchana 3,2019.0,UA,"Action, Comedy, Horror            ",    A young man who gets easily scared is possessed by a ghost that is seeking revenge.,164,4.2,1034
Vishnu,2003.0,,"Action, Romance            ","    Vishnu and Vaishnavi are childhood pals. They get separated at a young age. After a gap of 15 years, Vishnu finds Vaishnavi. He does not disclose his identity and instead to win her love on...                See full summary »",180,5.5,1031
Rakhi,2006.0,UA,"Action, Drama            ","    A common man after his sister death, he takes the law into his own hands and starts to kill men who harassing women.",173,6.3,1029
Oh My Friend,2011.0,,Romance            ,    Age-old analysis on 'can a man and a woman be friends?',130,6.6,1015
Balupu,2013.0,UA,"Action, Comedy            ",    Ravi (Ravi Teja) works as a collection agent of ICICI in Bangalore and leads a happy life along with his friends and his father Mohan Rao (Prakash Raj) who wishes to see Ravi married to a ...                See full summary »,145,6.0,1014
Aadavari Matalaku Ardhalu Verule,2007.0,U,"Comedy, Drama, Romance            ","    Ganesh, an unemployed man, lands up in a company where Keerthi, the girl he loves, works but who is already engaged to someone else. Sudden incidents ruin his life and he again comes across her, but refuses to marry her.",157,7.4,1012
Prayanam,2009.0,,Romance            ,"    A boy meets a girl in an airport and falls in love with her, but he has only 2 hours to convince her.",130,7.1,996
Antariksham 9000 kmph,2018.0,U,"Adventure, Drama, Sci-Fi            ","    When a satellite stops communicating, the Indian Space Agency need to bring an engineer out of retirement to help them fix the situation.",140,6.0,994
Konchem Ishtam Konchem Kashtam,2009.0,,Romance            ,    Siddhu always wears a smile on his face but he has sad past. Geeta joins his college. Both fall in love and are ready to get married. But Geeta's father refuses their love unless Siddhu tackle his Past problem.,165,7.0,992
Kotigobba 2,2016.0,U,"Action, Drama, Thriller            ",    A real estate agent disguised as burglar swindles from rich and also hoodwinks the police to believe that his identical twin brother is behind the robbery.,162,6.5,987
Kaadhal,2004.0,,Romance            ,"    Aishwarya, a convent-girl from a wealthy family in the town of Madurai (Tamil Nadu) falls in love with a young motor-mechanic, Murugan whom she encounters in the street. Faced with the ...                See full summary »",122,7.5,986
Current Theega,2014.0,A,"Action, Comedy, Romance            ",    Current Theega is a Telugu Action Comedy Romance directed by G. Nageswara Reddy. The village headman Sivarama Raju (Jagapathi Babu) has three daughters and the youngest one is Kavitha. Raju...                See full summary »,128,5.6,978
MalliRaava,2017.0,U,"Drama, Romance            ","    The love story of Karthik and Anjali, whose paths cross at three different phases of their lives.",129,8.0,973
Saahasam Swaasaga Saagipo,2016.0,,"Action, Romance            ",    A youngster embarks on a road trip with the love of his life until an accident causes things to get out of control.,154,6.9,970
Premam,2016.0,UA,"Comedy, Drama, Romance            ",    Vikram falls in love with three women at different stages of his life which changes him as a person until he finally meets the love of his life.,157,6.5,964
Johnny,2003.0,U,"Action, Drama            ",    A martial arts coach struggles to earn money through fights in order to save his wife suffering from blood cancer.,180,5.4,964
King,2008.0,,"Action, Comedy, Crime            ",    A hoodlum look-alike assumes the identity of a noble man.,131,6.5,963
Endrendrum Punnagai,2013.0,UA,"Comedy, Romance            ","    Three best friends, Gautham, Baby and Sri, decide to stay single all their lives. But Baby and Sri get married and Gautham is left alone until Priya comes into his life.",155,6.7,952
Mugamoodi,2012.0,,"Action, Adventure            ","    A hopeless young man uses his ""Kung-fu"" skills and mask to tackle a bank robbery group without revealing his identity.",150,4.9,950
NTR Mahanayakudu,2019.0,U,"Biography, Drama            ",    A follow up to NTR: Kathanayakudu which was based on N.T. Rama Rao's life and acting career. This movie will focus on his political career.,128,5.4,946
PSV Garuda Vega,2017.0,UA,"Action, Drama            ","    A hacker tries to sell sensitive data related to a scam and an NIA officer accidentally gets involved, saving him from getting killed.",150,7.9,945
Kurukshetra,2019.0,UA,"History, War            ","    The film is loosely based on the Indian epic Mahabharata and poet Ranna's Gadhayuddha with the story centered upon Duryodhana, a Kaurava king.",185,6.9,939
Uu Kodathara Ulikki Padathara,2012.0,,"Action, Drama, Fantasy            ","    With the help of a young man, a ghost get its revenge for its death.",0,4.9,933
Mr. Nookayya,2012.0,A,"Action, Comedy            ","    Nookayya (Manoj Manchu), who calls himself Nokia, is an expert cell phone thief. He has a good heart though and together with his friends Nampally (Paruchuri Venkateswara Rao) and Charger (...                See full summary »",140,6.3,928
Mirapakai,2011.0,UA,"Action, Comedy, Drama            ","    Rishi sends to Hyderabad and join in a college as a Hindi lecturer as a part of an undercover operation. He fall in love with her student Vinamra. Rishi has to extract information about Kittu from Vaishali, another student.",160,6.3,916
Nenu Meeku Telusa...?,2008.0,,Thriller            ,"    Adi, a wealthy man, loses his memory in an accident, which also leaves his father dead. He is then arrested for the murder of his uncle, but he has no recollection to prove his innocence.",132,6.9,916
Satya 2,2013.0,A,"Action, Crime, Drama            ","    To build a strong underworld, a man comes to Mumbai to rectify the errors made by previous mafia leaders.",142,6.0,915
Pooja,2014.0,UA,"Action, Drama            ","    Vasu, a moneylender, foils a planned attempt to kill a police officer by a gang. This sets the gang's leader, Thaandavam, and his goons against him who find out later that Vasu and his family need to be eradicated on more than one count.",154,5.0,912
Naan Sigappu Manithan,2014.0,UA,"Action, Drama, Thriller            ",    A narcoleptic becomes a vigilante when tragedy strikes.,149,6.5,909
Sakthi,2011.0,A,"Action, Fantasy            ","    While on a trip, a guide starts protecting the central minister's daughter from some Egyptians who want her and a holy diamond in their custody.",161,3.5,909
Uyyala Jampala,2013.0,U,"Drama, Family, Romance            ","    A romantic entertainer between a ""bava"" and a ""maradalu"" set in a contemporary coastal town.",124,7.2,904
Khadgam,2002.0,UA,"Action, Crime, Drama            ","    Koti, an aspiring actor, rickshaw driver Amjad and Radha Krishna, a cop, have all been affected by terrorism. Circumstances bring them together and they decide to foil the plan of a dreaded terrorist.",142,7.7,901
Bachchan,2013.0,UA,"Action, Crime, Thriller            ",    A real estate businessman is forced to go on a vengeful crusade after the love of his life is tortured by goons.,145,6.6,898
Bunny,2005.0,U,"Action, Drama            ","    Prior to his marriage, a young man asks for the property of his fiancee's father, a millionaire, to be written in his name.",139,5.7,890
Sri Rama Rajyam,2011.0,,"Drama, Fantasy            ","    Lord Rama's life is one of perfect adherence to dharma (righteousness) despite harsh tests of life and time. Sri Rama Rajyam movie explains how poet Valmiki, the author of the epic Ramayana...                See full summary »",172,6.7,885
Varudu,2010.0,UA,"Action, Drama, Thriller            ",    A soon to-be married bride is abducted by a man who is obsessed with her.,150,3.5,877
Rakshasudu,2019.0,UA,"Action, Crime, Thriller            ",    A sub-inspector sets out in pursuit of a mysterious serial killer who targets teen girls and murders them brutally.,122,8.2,875
Gharshana,2004.0,A,"Action, Crime, Drama            ",    A vengeful gangster targets and terrorizes an entire police unit and their families.,159,7.3,872
Gaganam,2011.0,U,"Action, Crime, Thriller            ",    It is up to Ravi (Nagarjuna) who has to rescue a flight from Chennnai to Delhi which is hijacked by Yousuf Khan 's men.,120,7.1,869
Amar Akbar Anthony,2018.0,,Action            ,    A man suffering from Dissociative Identity Disorder has to take revenge against four businessmen for the murder of his family while his past confronts him in the form of his childhood love.,153,4.3,868
Krishnarjuna Yudham,2018.0,UA,"Action, Comedy            ",    A pair of look-a-likes hatch a plan to win over the women they love.,156,5.6,861
Express Raja,2016.0,,"Action, Comedy, Romance            ","    After handing over his girlfriend's favorite dog to dog catchers, Raja loses his love. Now, Raja has to go on an adventurous quest to find the dog before its too late.",150,7.1,851
Kuselan,2008.0,U,"Comedy, Drama, Family            ",    Kuselan revolves around the tale of a beautiful friendship between a popular actor and a poor barber.,165,4.7,849
Kantri,2008.0,,Action            ,"    An NRI returns to his village with his family with a mission to better the lives of the village natives. But in a sudden turn of events, the NRI is left helpless, as a fellow villager ...                See full summary »",166,4.9,832
Malli Malli Idhi Rani Roju,2015.0,UA,"Musical, Romance            ",    Malli Malli Idi Rani Roju is a feel good love story which stays within your heart.,161,7.5,831
Raju Bhai,2007.0,,Drama            ,,139,5.9,831
Ayogya,2019.0,UA,"Action, Drama            ",    A corrupt police officer finds his life changing when he takes on a case of gang rape.,146,6.1,829
Gudumba Shankar,2004.0,U,"Action, Comedy, Drama            ","    Shankar aka Gudumba Shankar, a petty-thief, falls in love with Gowri. When Shankar learns that Gowri and her family are harassed by powerful goon Kumaraswamy, he sets up a plot to fool kumaraswamy.",176,5.7,829
Potugadu,2013.0,A,"Comedy, Drama            ","    Govinda Naama Sastry (Manoj Manchu) is a young man who decides to commit suicide. He goes to a lonely spot and decides to have one last drink. At about the same time, Venkata Rathnam (...                See full synopsis »",125,5.7,826
Vastadu Naa Raju,2011.0,,"Action, Romance            ","    Narasimha (Prakashraj) is a local goon, who resorts to murders and extortion at the behest of Home Minister Adikesavulu (Sayaji Shinde). Narasimha""s life ambition is to become an MLA and ...                See full summary »",135,5.8,823
Dubai Seenu,2007.0,U,"Action, Comedy            ","    Seenu - Ravi Teja, is fondly called as Dubai Seenu. His sole aim in life is to fly to Dubai and earn tonnes of money. In the process, he gets hold of a broker and gets duped by him in Mumbai.",157,6.5,822
Dongata,2015.0,,Comedy            ,"    Dongaata is a comedy thriller starring Lakshmi Manchu and Adivi Sesh. The film marks the debut of Vamsi Krishna as a director,and the film has also been produced by Lakshmi Manchu.",140,6.3,821
Sahasam,2013.0,UA,"Action, Adventure            ","    Gautham Varma, an A.T.M security guard, goes on a treasure hunt for the diamonds hidden by his grandfather in the Hinglaj temple during the time of the India - Pakistan partition.",150,6.6,817
Dynamite,2015.0,,"Action, Thriller            ",    Dynamite is the official remake of Tamil film Arima Nambi. The story revolves around the kidnapping of a girl and how the hero tries to hunt down the criminals and save her.,142,6.6,813
Alex Pandian,2013.0,U,Action            ,"    A Chief Minister's daughter is kidnapped for a price. They do not need money , but their demand is worse.",135,2.4,809
Ragada,2010.0,A,"Action, Comedy            ",    A local village rowdy arrives in the city to earn money by any means and participates in a brawl between two rivals that brings him to their attention.,146,6.1,805
Chalo,2018.0,,"Action, Comedy, Family            ","    Hari (Naga Shaurya)'s fascination is fights and disputes. He is always involved in one or the other fight just for the sake of it. In an interesting scenario, Hari is sent to a village ...                See full summary »",145,6.4,796
Munna,2007.0,,Action            ,    Munna is a college student who targets Khakha a local gangster unaware of his father and also takes revenge on him for trafficking his own mother for money.,167,5.6,793
Disco Raja,2020.0,UA,"Action, Sci-Fi            ","    Attacked and frozen to death, a dead man is revived by a group of doctors with the help of a technology that brings back dead people alive.",141,6.4,792
Krishna and His Leela,2020.0,,"Comedy, Romance            ","    Torn between his past and present girlfriends, a confused bachelor's indecisiveness spins a web of lies and cheating as he struggles to commit.",125,5.3,792
Yeto Vellipoyindhi Manasu,2012.0,,"Drama, Romance            ",    The ups and downs of a romance between Varun and Nithya from childhood to adolescence.,153,7.3,790
Praana,2019.0,UA,"Crime, Drama, Horror            ",    A young woman decides to live a life of solitary in an old mansion away from the city's hustle bustle. Little does she know that the nature surrounding her has other plans for her.,107,8.5,782
Shankardada Zindabad,2007.0,U,Comedy            ,    Shankar Dada joins Mahatma Gandhi to fight against a property owner and works as a radio jockey to solve problems non-violently.,152,5.2,781
Padi Padi Leche Manasu,2018.0,U,"Drama, Romance            ","    Set in Kolkata, the romantic drama chronicles the shared destiny of a young couple as they navigate through the highs and lows of a budding relationship.",158,6.4,778
Quick Gun Murugun: Misadventures of an Indian Cowboy,2009.0,,"Action, Comedy, Drama            ",    A once-dead vegetarian cowboy is sent back to life to battle a beef-eating villain.,97,5.9,775
Thamizh Padam,2010.0,U,Comedy            ,"    A Movie kidding about the usual scenes used in vernacular, mostly Tamil movies.",160,7.3,771
Ek Niranjan,2009.0,A,Action            ,"    A bounty hunter searches for the family he was separated from as a child, and falls in love with the sister of a gang member.",150,5.2,768
Annavaram,2006.0,UA,"Action, Drama            ",    This is the story of a brother who wanted to give his sister the best of everything.. a pure sentiment story on family.,175,4.8,768
Bindaas,2010.0,,"Action, Drama, Family            ",    Ajay (Manoj Manchu) and his parents are estranged from their joint family in Rayalaseema. Ajay belongs to the family of Mahendra Naidu (Ahuti Prasad). Seshadri Naidu (Jaya Prakash Reddy) is...                See full summary »,143,6.8,767
Prema Katha Chitram,2013.0,,"Drama, Horror            ",    Three friends and a stranger go to a house and plan to commit suicide. But later they realize the house is haunted,130,7.1,766
Vismayam,2016.0,U,Drama            ,    The film narrates the life of four persons and their struggle for their survival in differnt situations..,164,7.7,759
Gaddalakonda Ganesh,2019.0,UA,"Action, Thriller            ","    An aspiring filmmaker who wants to direct a realistic story, stumbles upon a menacing villain and to learn the nitty-gritties of the villain's character, he puts his and his friend's life on the line.",130,6.6,752
Oka Laila Kosam,2014.0,UA,"Comedy, Romance            ",    After his post-graduate studies Karthik takes a holiday in Europe. On his return journey he falls in love at first sight with Nandana.The rest of the movie deals with the extent to which he will go to win her heart.,150,6.1,749
Venky Mama,2019.0,UA,"Action, Comedy, Drama            ",    A story of nephew and a son which revolves around their emotions and village drama and army based story.,149,5.5,748
Kick 2,2015.0,UA,"Action, Comedy, Romance            ","    An NRI doctor returns to India to sell his property, but winds up falling in love.",170,5.1,747
Gayatri,2018.0,UA,"Drama, Family            ","    Sivaji, a stage artist, finds whereabouts of his daughter who disappeared two decades ago and finds out that the kidnapper, Gayatri Patel, is an exact lookalike of him.",125,6.5,746
Shourya,2016.0,UA,"Romance, Thriller            ",    Shourya and Netra who have eloped to get married get involved in a bigger complication when one of them gets viciously attacked along their way.,124,6.9,733
Ashta Chamma,2008.0,U,Comedy            ,    Ashtachemma Lavanya (Colors Swati) is a hardcore fan of hero Mahesh Babu. And her ambition is to marry hero Mahesh. But her heart is broken when Mahesh married Namrata Sirodkar. She lowers ...                See full summary »,126,7.3,733
LIE,2017.0,UA,"Action, Thriller            ","    Sathyam is hired by the National Investigation Agency to help catch Padmanabham, the master of disguise, by following a suit which he is assumed to have an obsession with.",145,5.9,730
Dev,2019.0,U,"Action, Adventure, Romance            ","    Dev, a youngster from a well-to-do family, is an adventure seeker. When his friend playfully tries to set him up with Meghna, a businesswoman who has no time for love, Dev has to embark on an adventure of another kind.",157,4.8,727
Pataas,2015.0,A,"Action, Comedy            ",    A corrupt cop gets himself transferred to Hyderabad where he has a change of heart while trying to teach his estranged but dutiful father a lesson.,127,6.7,727
Okkadu Migiladu,2017.0,UA,Action            ,    Based on events during Srilankan civil war and Tamil refugees who were lost in sea without food and water for 10 days on their way to India.,141,7.2,725
Majnu,2016.0,UA,"Comedy, Drama, Romance            ",    An assistant director juggles relationships with two women while he writes a romantic comedy.,138,6.4,725
Srinivasa Kalyanam,2018.0,U,"Drama, Family            ","    ""Srinivasa Kalyanam"" illustrates the sacred bond with another human through nuptial rituals and the sanctity of the institution of marriage.",140,6.0,724
Luck Unnodu,2017.0,,Comedy            ,"    The ironically-named Lucky gets embroiled in a heist when a friend hands him a bag of cash, which was stolen from a don, who stole it from the bank, and will not rest until he recovers it.",118,5.6,724
Amma Nanna O Tamila Ammayi,2003.0,,"Action, Drama, Sport            ","    A former kick-boxer, after death of his wife, trains his son who hates him for boxing match for revenge on his former student.",154,7.3,715
Jayasurya,2015.0,U,"Action, Thriller            ",    A cop mistakenly believes that taking out three thugs will end Madurai's crime wave.,135,6.0,713
Bangaram,2006.0,A,"Action, Drama            ","    In order to join an international news channel, a fired reporter tries to obtain his boss's signature on a character certificate but is forced by circumstances to help the latter's daughter elope from her wedding.",178,4.7,710
Dora,2017.0,A,"Action, Horror, Thriller            ",    A father and a daughter purchase a used car which is possessed by an unknown dangerous spirit craving for revenge.,139,5.3,704
Don Seenu,2010.0,,"Action, Comedy            ","    To make himself known as a gang-leader, a man must woo the sister of a dangerous gangster.",164,6.0,704
Vunnadhi Okate Zindagi,2017.0,U,Drama            ,    It's about friendship between 2 friends and how their life changes when a new girl comes into their life and how their friendship will be impacted upon her arrival.,152,6.4,703
Krishnam Vande Jagadgurum,2012.0,UA,Action            ,"    In order to fulfill his promise to his grandfather, a man acts in a play in his native village, where he stumbles upon the truth about the death of his parents.",136,6.9,699
Killing Veerappan,2016.0,UA,"Action, Biography, Crime            ","    A master strategist is appointed following Veerappan's unabashed spate of crimes and murders. The official puts in place Operation Cocoon, which involves setting up a network of spies and informers.",151,7.3,697
Gunturodu,2017.0,,"Action, Comedy            ",    A man and woman meet in college and are on their way to a lifetime of happiness when their plans get hijacked.,142,6.4,693
Mr. Majnu,2019.0,UA,Romance            ,    A charming playboy who has never had a serious relationship finds himself in a spot of bother when he finally meets the right girl. Will they end up together? Or will his fear of commitment affect their relationship?,145,6.1,692
Not Today,2013.0,PG-13,Drama            ,"    While on vacation with friends in Hyderabad, India, Caden Welles - a privileged young man with the world at his disposal - takes an unexpected turn in life after initially refusing to help a starving man and his daughter.",103,5.7,687
Oy!,2009.0,,Romance            ,    Uday (Siddharth) is a rich and spoilt brat who believes in short term pleasures. Sandhya (Shamili) is a loner who lives on her own. She is a responsible girl with long term plans and strict...                See full summary »,166,6.7,687
Nuvve.. Nuvve...,2002.0,,"Drama, Romance            ",    A rich Businessman is obsessed with his daughter who falls for a poor guy.,168,7.4,685
Loukyam,2014.0,UA,"Action, Comedy            ",    Venky tries to right his wrongs by involving his family and also convince the girls side without getting messed up in between.,150,6.4,672
Life Is Beautiful,2012.0,U,"Drama, Romance            ","    It is a coming of age story of six youngsters, set in the beautiful nostalgic world of a working-middle class neighborhood. The film tracks their journey through the different seasons, ...                See full summary »",167,6.4,671
Yuvaraju,2000.0,,Romance            ,"    A love traingle.Srinivas(Mahesh Babu) and Srivalli(SakshiSivanand) are college mates who fall in love and decide to get married.Twist in tale occurs when SriLatha(Simran),Childhood friend ...                See full summary »",165,5.7,671
Chal Mohan Ranga,2018.0,U,Romance            ,"    Mohan Ranga falls in love with Megha Subramanyam, an NRI residing in the United States. Before she can reciprocate his love, circumstances make them fall apart. But destiny has other plans.",148,5.8,667
Vamsee,2000.0,,Action            ,    Vamsee(Mahesh babu) a fashion designer who got fell in love with Shilpaa(Namratha) a fashion college student when they went for a fashion contest in Australia.After the contest they came ...                See full summary »,145,4.8,662
Endukante... Premanta,2012.0,U,"Comedy, Fantasy, Romance            ","    Unfortunate lovers of past meet in this life. But the meeting encounters escape from Paris, from terrorists and struggle to bring back the love to life. What ensues is a series of comedy ...                See full summary »",154,6.1,655
Veyyil,2006.0,UA,Drama            ,    Story of two brothers told from the perspective of older brother who recalls his childhood memories where he runs away from home and returns after 20 years. The rest of the film is all ...                See full summary »,136,7.7,655
Mallesham,2019.0,,Biography            ,"    The life of Padma Shri winner Chintakindi Mallesham, who invented the the Asu machine that processes yarn for sarees mechanically, is being recreated in this biopic.",131,8.5,652
Mosagallaku Mosagadu,2015.0,,"Action, Comedy, Crime            ",    Revolves around god statues stealing issues in India.,127,6.2,639
Kandireega,2011.0,,"Action, Comedy, Romance            ",    Seenu (Ram) is a street-smart guy who shifts to Hyderabad from Anakapally to complete his degree in a college. He falls in love with Sruthi (Hansika Motwani) who also attends the same ...                See full summary »,130,6.2,638
Raju Gari Gadhi 2,2017.0,UA,"Comedy, Horror, Thriller            ","    Rudra, a mentalist and a medium, helps track down a ghost that is haunting a resort.",117,5.3,633
Superstar Kidnap,2015.0,UA,Thriller            ,    Three youngsters meet accidentally in a drug deal plan to kidnap superstar maheshbabu to come out of their financial and personal crisis.,120,6.8,627
Pournami,2006.0,,"Action, Drama, Mystery            ","    A young woman, who has trained for a ceremonial dance, unexpectedly disappears. A stranger with a secret past arrives in town and offers to teach the dance to the woman's younger sister.",160,5.8,626
Shailaja Reddy Alludu,2018.0,UA,"Action, Comedy, Drama            ",    The son of an egoistic businessman falls in love with an egoistic girl and has to convince her egoistic mother in order to marry her.,147,5.1,621
Jamba Lakidi Pamba,2018.0,,"Comedy, Fantasy            ",    This is the story of a man and woman who were joined together by destiny and how they were thrown into the brink of divorce due some unexpected twists and turns. The film will be a complete...                See full summary »,141,6.6,619
Jaya Janaki Nayaka,2017.0,UA,"Action, Romance            ","    Gagan and Sweety fall in love but are forced to break up because her father disapproves of him. While defending a family from thugs one day, Gagan unknowingly saves Sweety and vows to protect her.",149,5.1,617
Pichhodu,2019.0,UA,Drama            ,"    A heartfelt story about soulmates. The film revolves around Rishi, who is on the search for true love. Protagonist Rishi lost his mother when he was a kid. She committed suicide due to his ...                See full summary »",0,9.5,605
Bobby,2002.0,,"Drama, Romance            ",    Love between two youngsters leads to a dispute between two families.,161,3.7,605
Okka Kshanam,2017.0,UA,"Action, Romance, Thriller            ","    Jeeva (Allu Sirish) leads a happy life with his lover turned life partner Surabhi, until he gets to know his neighbor and their life. The couple witnesses bizarre coincidences and ...                See full summary »",150,7.0,603
Achari America Yathra,2018.0,UA,"Comedy, Family            ","    Achari tricks his Guru into taking a group trip to the US to pursue his dream girl, whom he met in India.",135,5.8,603
Bengal Tiger,2015.0,UA,"Action, Comedy            ","    Akash gets rejected by a girl because he isn't popular. Insulted, Akash starts doing whatever he can to become the talk of the town.",145,5.1,600
Ashok,2006.0,A,Action            ,"    A quick-tempered auto-mechanic is desperate to reconcile with his pacifist father; but a threat from a blood-thirsty mobster forces him to fight for the sake of his family, friends, and love.",0,5.7,596
Goutham Nanda,2017.0,UA,"Action, Drama            ",    The son of a billionaire decides to take an extreme step by leaving behind his riches and swapping his life with a depressed techie look-alike who wants to be a billionaire.,155,6.4,591
Golmaal,2003.0,,Comedy            ,    4 homeless youngsters hide their identity and moves to the house of a blind couple.,130,7.0,588
Mahanubhavudu,2017.0,UA,"Comedy, Drama, Romance            ",    A kind-hearted person must face his OCD condition in order to win his love back.,151,6.4,587
118,2019.0,UA,"Action, Thriller            ",    A recurring nightmare involving the murder of a young woman prompts an investigative journalist on a quest to find out whether there is any truth to the dream.,120,6.6,586
Heart Attack,2014.0,A,"Action, Romance            ",    A commitment phobic hippie falls in love with a woman and chases her much to get dismay and aims to get what he needs.,142,5.3,586
Dictator,2016.0,UA,"Action, Drama            ","    Chandu lives a normal life with his in laws in Hyderabad. One fine day, he comes across an aspiring actress Sonala helps her in a critical situation. The problems gets big and Chandu lands himself in a huge mess.",155,4.2,585
Idiot,2002.0,U,"Action, Comedy, Romance            ","    Chanti who gets beaten up black and blue is rescued by a girl who takes care of him in the hospital, till he gets fine. He falls for this unknown girl. Will he ever find her and convey his feelings?",139,7.1,585
Neninthe,2008.0,UA,"Action, Drama            ",    A wanna be director's struggle in the film industry. The problems he faces and how he overcomes them.,126,6.8,583
Rarandoi Veduka Chudham,2017.0,UA,"Action, Romance            ","    While attending a wedding, a gregarious young man falls in love with a stubborn woman.",145,5.6,581
Aswathama,2020.0,UA,"Action, Thriller            ",    A man works to uncover the details behind a series of crimes targeting women.,133,6.4,579
Jaanu,2020.0,UA,"Drama, Romance            ","    Decades post-high school, Ram and Jaanu meet at their school's reunion and explore their past thoughts consisting of affection, care, depth and grieve all over the period of one evening.",151,7.0,574
Neevevaro,2018.0,,"Action, Romance, Thriller            ","    As Kalyan, a blind chef and Vennela, who comes visiting him at his restaurant, fall in love and start making plans for their future, Vennela goes missing. Series of unexpected and shocking events follow.",130,6.9,570
Power Unlimited 2,2018.0,UA,Action            ,    A peaceful man completely devoted to his family finds his violent past resurfacing.,147,4.8,570
Guru,2017.0,U,"Action, Drama, Sport            ",    A curmudgeonly boxing coach sees the potential in a young woman; his belief in her changes her life.,116,7.9,568
Kee,2019.0,UA,"Action, Thriller            ","    A man falls in love with a girl and tries to impress her. However, their life takes a serious turn when they fall victim to cyber-bullying.",138,5.1,567
Jagadam,2007.0,A,Action            ,    A young man is drawn to violence but finds out that it's easier to get into violent situations than out of them.,163,6.8,566
Daruvu,2012.0,UA,"Action, Comedy, Fantasy            ",    In Yamalokam retirement age comes from Senior Yama and he gives charge to his Son. However experienced Chitragupta is retained much to his disappointment. He decides to teach a lesson to ...                See full summary »,159,5.0,565
Damarukam,2012.0,UA,"Action, Drama, Fantasy            ",    A demon born from darkness plans to take over the world by marrying a girl with ominous horoscope.,157,5.3,565
Super,2005.0,UA,"Action, Comedy            ","    Sonu, his sister, Sasha, and their friend, Akhil, live a poor lifestyle in India. While Sasha has given her heart to Akhil, he treats her as a close friend and confidant. Times get so tough...                See full summary »",151,5.1,564
Krishna: The Power of Indrakeeladri,2008.0,,"Action, Comedy, Drama            ","    The film is about Krishna, who was once a software engineer but quits his job to give it to his friend and is unemployed in the city of Vijayawada. Sandhya is a girl from Hyderabad who ...                See full summary »",147,6.3,561
Chakram,2005.0,,Drama            ,"    A medical student with a secret inexplicably abandons his bride-to-be and hometown, but his past catches up to him.",0,6.0,561
Size Zero,2015.0,U,"Comedy, Romance            ","    Sweety, an obese woman, is shocked when her friend falls sick after joining a slimming centre. So she begins a campaign to highlight the importance of being fit rather than slim.",125,5.4,556
Bhadra,2005.0,A,Action            ,"    Bhadra sees Raja's sister Anu on a video & falls in love with her. Badra visits Raja's home & he realises that, Raja's family is highly involved in feud actions. In a rival gang fight ...                See full summary »",153,6.7,555
Erra Buss,2014.0,,"Comedy, Drama            ","    The film tells the story of an orphaned boy who is raised single-handedly by his grandfather. After growing up, he gets a good job and falls in love with the perfect girl. But his ...                See full summary »",140,6.2,548
Lakshmi's NTR,2019.0,U,Drama            ,"    The life of iconic politician Nandamuri Taraka Ramarao (NTR) after meeting Lakshmi Parvathi, his second wife.",152,6.9,537
Appatlo Okadundevadu,2016.0,,Drama            ,"    Railway Raju has just one dream: to play cricket for the Indian team. However, life throws him a googly.",125,7.8,536
Akhil,2015.0,UA,"Action, Fantasy            ",    A cruel businessman attacks a tribal village for a stone which the people treat as something special. A guy who thinks he is somehow related to the stone comes to their aid.,130,3.7,530
Aadhi Bhagavan,2013.0,A,Action            ,    An action film about two criminals in which one wants the other to get killed.,157,5.3,525
Devudu Chesina Manushulu,2012.0,,"Action, Comedy, Fantasy            ","    The gods get involved in mortal struggles, turning back time to rewrite small histories and spread happiness to mortals and immortals alike.",124,3.6,524
Falaknuma Das,2019.0,A,"Action, Thriller            ","    Set in the backdrop of the colonies of falaknuma where a group of youngsters fall into unexpected consequences which lead them to a driving pathway of violence, brutality and ruthlessness.",145,6.3,523
Raju Maharaju,2009.0,,Family            ,,155,6.2,522
Adhipathi,2001.0,,"Action, Drama            ","    Yogendra (Mohan Babu) is the son of Panduranga Rao (Vijayakumar), a High Court judge who got first rank in civil services examinations. Dunnapothula Janardhan Rao (Narra Venkateswara Rao), ...                See full summary »",151,5.5,521
Nela Ticket,2018.0,UA,"Action, Drama            ",    A carefree young man is forced to grow up fast after he incurs the wrath of a corrupt politician.,120,4.5,515
Prati Roju Pandaage,2019.0,U,"Drama, Family            ","    With only a few weeks left to live, an aging grandfather is visited by his grandson who wishes to fulfill his desires.",146,6.2,515
Kotha Bangaru Lokam,2008.0,,Romance            ,    Balu is son of lovable middle-class couple. Swapna is the daughter of a strict and rich father. Both of them study in a residential college located at a small town of Godavari district. ...                See full summary »,160,6.8,514
Santosham,2002.0,U,"Drama, Romance            ","    After losing the man she loves to her cousin, a woman gets her hopes up when he is widowed.",150,7.1,513
Venky,2004.0,,"Action, Mystery            ",    Venky and his friends are accused of murdering a girl's father and sister,162,7.3,511
Jai Simha,2018.0,UA,"Action, Drama            ",    A rowdy mechanic with a golden-heart turns into a body guard to save a family from goons.,159,4.7,510
Nuvve Kavali,2000.0,U,Romance            ,    Best friends develop feelings for each other but cannot seem to sync their emotions.,153,7.5,508
Samba,2004.0,UA,Action            ,    Violence breaks out in rural India when a good-hearted leader is killed and his son seeks revenge.,162,4.9,507
George Reddy,2019.0,U,Action            ,"    George Reddy is a biopic based on the life of a student leader, boxer and Gold medalist, who influenced the politics of Andhra Pradesh state in Osmania University between 1967 and 1972. He ...                See full summary »",153,7.2,500
Subramanyam for Sale,2015.0,,Comedy            ,    Subramanyam joins Seetha to pose as a couple and win a prize.,150,6.0,499
Bhoot Returns,2012.0,A,"Horror, Mystery, Thriller            ","    A family moves into a possessed bungalow. A sudden turn of events in the house leaves them astonished. When things worsen, escape seems to be their last resort.",85,2.5,499
Dohchay,2015.0,,Action            ,    A conman faces his biggest threat when he is in urgent need for a lump sum and a policeman is after him to catch him red handed.,138,5.9,497
Andala Rakshasi,2012.0,UA,Romance            ,"    Goutham deeply loves Mithuna, but will not acknowledge it to her. Meanwhile, Mithuna falls in love with Surya. Later, a sudden incident changes the lives of the trio.",139,7.2,494
Sambo Siva Sambho,2010.0,UA,"Action, Drama            ","    A man marries the daughter of his father's archenemy. The marriage lasts one week, and then things get even more complicated.",160,6.8,491
Okkadunnadu,2007.0,A,"Action, Thriller            ",    An ailing gangster with a rare blood group targets a man with the similar blood group to get his heart for a vital transplant.,119,7.3,490
Manmadhudu 2,2019.0,UA,"Comedy, Drama, Romance            ","    Under pressure to marry, a perennial bachelor hires a much younger woman to act as his fiancée, but her bond with his family throws his plan for a loop.",155,4.8,489
Paisa Vasool,2017.0,UA,"Action, Comedy            ",    A local officer recruits a deadly gangster to take down a crime lord.,138,4.4,486
Anji,2004.0,U,"Action, Adventure, Drama            ","    Orphaned Arjun lives a poor lifestyle in an ashram along with his mentor, known simply as Guruji, and several other younger orphans in a forest region, Shivgiri which is accessible via ...                See full summary »",148,5.8,484
Dhada,2011.0,UA,"Action, Comedy            ",    An Indian engineering student in the U.S. gets in trouble with local gangsters and must resolve his problems to return to his lady-love in India.,147,3.7,483
Uthama Puthiran,2010.0,,"Comedy, Romance            ","    Siva (Dhanush) is asked to help a friend in a love marriage. Siva kidnaps Pooja (Genelia D'Souza) on a mistaken identity from the marriage hall. When Pooja is kidnapped, her uncles (both ...                See full summary »",169,5.6,482
Jai Chiranjeeva,2005.0,U,"Action, Comedy, Drama            ","    Sathyanarayana Murthy, a farmer from Amalapuram, swears vengeance on criminals who killed his niece.",174,5.8,482
Anaganaga O Dheerudu,2011.0,PG-13,"Action, Adventure, Family            ","    In a teardrop-shaped land called Sangarashtra, a 9-year-old girl with special healing powers tries to save her homeland from the tyranny of an evil queen with the help of a blind swordsman.",133,5.1,478
Supreme Khiladi,2016.0,UA,"Action, Comedy            ","    Balu (Sai Dharma Tej ), a cab driver, gets involved in a fight against the mafia when he comes across a child that the mob wants dead.",142,6.1,476
Okka Magadu,2008.0,A,"Action, Comedy, Drama            ","    Veera Venkata Satyanarayana Swamy(Balakrishna) is a good samaritan. He helps his fellow villagers in their need. When the police blame him for a few murders, a vigilante named Okka Magadu(...                See full summary »",150,2.1,474
Phoonk 2,2010.0,A,"Drama, Horror, Mystery            ","    While on vacation, children and their father are terrorized by their mother and wife respectively.",110,3.1,472
Tappu Chesi Pappu Koodu,2002.0,,Comedy            ,,147,5.4,467
Needi Naadi Oke Katha,2018.0,U,Drama            ,"    A middle-class youth raises his voice against the traditional, standardized system of education that does not take into account each student's skill and nor make them think.",121,7.8,462
Narasimha Naidu,2001.0,,"Action, Drama            ",    Revenge story between two neighboring villages with one headed by a bad person and the other headed by a good person.,161,7.0,462
Chintakayala Ravi,2008.0,,"Comedy, Drama, Romance            ",    Ravi who works in a bar pretends that he is a software engineer in America for the sake of his mother and finally revealed due to marriage reasons. He then finds true love and his mother realizes the reason behind his work.,150,5.5,460
Yogi,2007.0,UA,"Action, Drama            ",    A mother from a small village searches for her son in Hyderabad; unaware that he has changed his name and is now both a target and a threat for all the gangsters of the city.,155,4.5,458
Yaman,2017.0,U,"Action, Drama, Thriller            ","    After losing his father to a bunch of scheming politicians, a young man decides to wade into the corrupt and unscrupulous world of politics to avenge his death.",152,6.2,456
Anando Brahma,2017.0,U,"Comedy, Horror            ","    An NRI wants to sell his ancestral home, but later hears rumours of it being haunted. Unwilling to sell the property at a throwaway price, he asks a team of four guys to spend a night in the house and prove that it isn't a ghost den.",123,6.7,454
Vanaja,2006.0,,Drama            ,"    Vanaja, the 15 year old daughter of a financially troubled fisherman goes to work in the local landlady's house in hopes of learning Kuchipudi dance. She does well, but when the Landlady's ...                See full summary »",111,7.1,452
Raja Vaaru Rani Gaaru,2019.0,UA,Romance            ,"    Raja Vaaru Rani Gaaru is the story of Raju who falls in love with Rani but is unable to express his emotions. Set in a beautiful village, watch as Raju and two of his friends deal with the toils and troubles of romance.",133,7.6,443
Gangotri,2003.0,U,"Action, Drama, Romance            ",    Neelakantha Naidu (Prakash Raj) had a daughter Gangotri (Aditi Agarwal) after a long time. But as per her horoscope the infant child has a threat from water. So Neelakantha always takes ...                See full summary »,0,4.6,440
Golimar,2010.0,A,Action            ,    An 'encounter specialist' police officer becomes famous for killing criminals and finds himself targeted by gangsters and corrupt officers.,160,5.9,435
Narasimhudu,2005.0,A,"Action, Drama            ",    A villager pretending to be mute comes to the city and avenges his sister's rape by the hands of powerful city gangsters.,0,2.9,434
Mental Madhilo,2017.0,UA,"Comedy, Drama, Romance            ","    An indecisive guy who has been rejected by several women, finds himself in a spot when he has to choose between two women.",142,7.4,433
Rayalaseema Ramanna Chowdary,2000.0,,"Action, Drama            ",    A pious man who wants to build a temple on his property resists the efforts of a wealthy but unscrupulous landowner to acquire the land.,164,6.3,431
Rajanna,2011.0,,"Action, Drama, History            ","    In Nelakondapalli village, Adilabad district, Mallamma (Annie) is a girl who is a very talented singer. She is taken care of by an elderly man in her village. On one occasion, the elderly ...                See full summary »",132,6.5,429
Madha,2020.0,UA,"Mystery, Thriller            ","    MADHA is a Sanskrit term which means ""insanity personified"". MADHA is a female-centered psychological thriller that revolves around a small-time proofreader Nisha.",113,5.3,426
Hushaaru,2018.0,A,Comedy            ,    Four friends from middle-class families believe in carving a niche for themselves by not following a trodden path set by others.,140,6.9,426
Settai,2013.0,U,"Action, Comedy, Crime            ",    Three struggling room-mates unknowingly become potential prey of a ruthless gangster.,136,4.4,425
Tadakha,2013.0,UA,Action            ,    Siva (Sunil) and Karthik (Naga Chaitanya) are brothers. Elder brother Siva is a timid and shy. He fears for everything. Karthik is a dynamic guy who is very protective of his elder brother....                See full summary »,147,5.5,424
Nenu Naa Rakshasi,2011.0,,"Action, Drama            ",    The journey of a girl who is interested in suicides and a boy who is interested in her.,140,5.0,423
Diya,2018.0,UA,"Drama, Horror, Thriller            ","    After abortion, a woman's life takes an unexpected turn when she is visited by the foetus, who is now grown up and is visible to her.",122,5.7,420
Mudra,2019.0,UA,"Action, Thriller            ",    An investigative journalist is arrested for cheating banks with fake certificates. He discovers a crime syndicate behind the scam and decides to investigate it himself.,108,7.0,416
Naa Autograph Sweet Memories,2004.0,,"Drama, Romance            ","    3 different phases of Seenu's(Ravi Teja) life, from his first love in childhood to his successful career and marriage.",148,7.3,415
Dum Dum Dum,2001.0,,"Comedy, Romance            ",    The story revolves around an unhappy groom and bride forced into a wedding. The groom backs away because he is reluctant to give up his life of wine and women in the city while the bride is...                See full summary »,151,7.0,415
Kalisundam Raa,2000.0,U,Drama            ,    Raghavaiah (K. Vishwanath) and Ram Mohan Rao (Ranganath) are brothers-in-law. But Ram Mohan Rao is at loggerheads with Raghavaiah because of a family feud. Raghavaiah is nearing his 60's ...                See full summary »,156,7.3,414
Pandaga Chesko,2015.0,UA,"Action, Drama, Family            ","    Karthik, a money minded businessman, gets engaged to another money-minded girl Anushka. When his factory gets shut down by an environment activist Divya, he goes back to India only to fall in love with her.",162,5.4,413
Lakshmi,2006.0,U,"Action, Drama            ","    Lakshmi (Venkatesh) a business tycoon hides a secret about his past in front of his brothers which leads to unexpected consequences. At the same time, villain allies with his brothers and make them turn against Lakshmi.",0,5.8,410
Seetha,2019.0,UA,Romance            ,"    A four-year-old Ram is left in a monastery by a person named Anand Mohan and is promised that Sita will come to take care of him. Ram is innocent and cute. He makes Ram promise that he too,...                See full summary »",161,4.7,405
Parama Veera Chakra,2011.0,UA,"Action, Drama            ",    A famous actor is asked to play the role of his lookalike army major and eventually battle his enemies.,160,2.0,402
Andhrawala,2004.0,U,"Action, Drama            ",    A young man fights the mafia in his town for better life to his people but this leads to chain wars between the mafia and him.,180,3.5,402
Hyper,2016.0,UA,"Action, Drama            ",    A young man fights a corrupt government official.,144,5.7,400
Kalloori,2007.0,U,Drama            ,"    A group of nine childhood friends join an arts college together in a small town. Soon, Shobana becomes a part of their group, joining in the fun and games. Muthu eventually falls in love with her.",140,7.3,400
Veera,2011.0,UA,"Action, Comedy, Drama            ",    A man wants to avenge his family's death which has been mass murdered by a bad guy.,156,3.8,399
Namo Venkatesa,2010.0,,"Action, Crime, Romance            ",    A mimic artist/ventriloquist is fooled into believing that a woman loves him.,152,5.4,391
Annayya,2000.0,U,"Comedy, Drama, Family            ",    The story of an elder brother who would do anything for his younger brothers.,157,6.6,389
Mesthri,2009.0,,Drama            ,    An upstanding businessman is forced to seek revenge when an associate of his is murdered.,137,4.6,387
Alludu Seenu,2014.0,A,"Action, Comedy            ","    In this quest for sanctuary, love, and identity, a man and his uncle arrive in Hyderabad, where they capitalize on the uncle's resemblance to a local don.",151,4.3,386
Yuddham Sharanam,2017.0,UA,"Action, Thriller            ","    When his family is torn apart, Arjun sets out to on a journey to solve the mystery and seek revenge.",141,6.0,385
Shiva Shankar,2004.0,,"Drama, Family            ",,125,4.4,381
Nannu Dochukunduvate,2018.0,,Romance            ,    An ambitious software engineer employs a quirky girl to act as his girlfriend to avoid an arranged marriage. He starts to lose his ambitions as he gets close to her.,149,6.9,379
Naa Alludu,2005.0,,Romance            ,"    Karthik (NTR Jr) is a well-qualified (MBA, no less) goes for an interview with Bhanumathi Industries. But the eponymous owner (Ramya Krishnan) slights him. So what does he do? He vows ...                See full summary »",0,3.4,378
Shamantakamani,2017.0,U,Drama            ,"    'Shamantakamani' is a comedy caper, which revolves around the robbery of a vintage Rolls Royce.",130,6.9,376
Thulasi,2007.0,UA,Action            ,    The film opens with Thulasi (Venkatesh) bashing up the bad guys led by Rahul Dev at a fashion show held by his now estranged wife Vasundhara (Nayantara). A quick flashback reveals the ...                See full synopsis »,0,5.4,376
Keshava,2017.0,UA,"Action, Drama, Thriller            ",    A student with a rare heart disease has to seek revenge by controlling his anger.,117,6.3,372
Maja,2005.0,U,"Action, Comedy, Romance            ","    Govindan (Manivannan) is a thief who has two children. Aadhi (Pasupathy) and Mathi ('Chiyaan' Vikram). Years go by and the two, Aadhi and Madhi, decide to stop stealing and mend their ways ...                See full summary »",139,5.1,372
Aata,2007.0,,"Comedy, Drama, Romance            ","    A boy who grouse watching movies from projector room as his father is a projector man, tries to get a girls love using his theatre experience.",138,4.7,370
Ranarangam,2019.0,UA,"Action, Drama            ",    Deva (Sharwanand) is a powerful gangster from Visakhapatnam who moves to Spain to put his past behind him. But what happens when he realises he can't shake off his enemies no matter where he goes?,138,5.9,368
Mukunda,2014.0,UA,Family            ,"    Mukunda, a careless youngster, makes it a part of his daily routine to fight for his friend Arjun who often gets into trouble. One day, he gets into a fight with the chief of his village and competes in elections against him.",142,5.7,367
Kirrak Party,2018.0,UA,Comedy            ,    Krishna a first year student meets Meera a second year student and daughter of a police officer. Everyone in the campus likes Meera and even Krishna's friend. But Meera gets close to ...                See full summary »,165,5.7,361
Chenna Kesava Reddy,2002.0,UA,"Action, Drama            ",    The rivalry between a son and father who has their own principals of justice and revenge.,143,6.0,360
Sarocharu,2012.0,U,"Drama, Romance            ","    Sandhyaa Arun(Kajal Aggarwal) is a student who is madly in love with Karthik (Ravi Teja), a techie based in Italy. She decides to travel with him to India, confident that the travel time ...                See full summary »",137,4.7,358
Nadunisi Naaygal,2011.0,,"Mystery, Thriller            ","    Having suffered sexual abuse as a child, Veera grows into a Psycho obsessed with sex and kills for pleasure.",120,4.6,357
Nagavalli,2010.0,,"Action, Fantasy, Thriller            ","    Nagavalli is a 2012 Indian Kannada film, directed by Kumar and produced by Keshava. The film stars Karthik, Madhu Shalini, Daksha Mahendru and Velu in lead roles. The film had musical score...                See full summary »",115,4.4,357
Ennaku 20 Unakku 18,2003.0,,"Drama, Musical, Romance            ","    Preethi (Trisha) and Sridhar (Tarun) meet on a train and are interested in each other. Yet they fail to initiate any sort of personal conversation, even while knowing that the train ride ...                See full summary »",0,5.3,355
Bodyguard,2012.0,U,"Action, Comedy            ",    It is adapted from the hindi movie bodyguard.,150,5.1,353
Raju Gari Gadhi 3,2019.0,UA,"Comedy, Horror, Thriller            ","    An unknown spirit guards Maya against any possible threats from eve-teasers and Don Juans. But what happens when true love flourishes between Maya and Ashwin Babu, and the spirit isn't all too happy about it?",122,6.7,353
Josh,2009.0,UA,"Action, Family            ",    Satya is a college student. He discontinues his graduation studies in Vizag and comes to Hyderabad in search of a job. He runs into a fight with local college students who are influenced by...                See full summary »,167,6.2,351
Greeku Veerudu,2013.0,,Drama            ,    An overconfident businessman's journey of realizing the importance of family and turning from a stud to falling in love...,155,4.6,349
Lakshmi Narasimha,2004.0,U,"Action, Drama            ",    A story about good-gone-bad cop.,171,6.5,349
Autonagar Surya,2014.0,A,"Action, Crime, Drama            ","    Surya, a juvenile offender, completes his education in prison and upon release embarks on his dream project. However, he has to overcome numerous obstacles to turn his dream into a reality.",157,5.6,345
Style,2006.0,U,Musical            ,"    The story goes all around the dance. Prabhu Deva/Ganesh is a good dancer. He beats Anthony in one dance competition.But then, Anthony gets Ganesh beaten up, and Ganesh loses his legs in a ...                See full summary »",160,6.0,342
Shivamani,2003.0,U,"Action, Romance            ",    An ex cop goes in search of his lost girlfriend to Kerala and along way meets a news reporter who helps him to find his lover.,143,6.3,341
Surya vs. Surya,2015.0,,Drama            ,"    The film story revolves around a young man Surya (Nikhil Siddharth) who suffers with a heriditary disorder Porphyria, that prevents him from going outside during the day and enjoying the ...                See full summary »",0,6.8,339
Kavacham,2018.0,UA,"Action, Thriller            ",    A police officer from Vizag finds himself in a rut when false allegations are levied against him. He has 24 hours now to prove his innocence.,141,5.5,335
Chinnadana Nee Kosam,2014.0,,"Drama, Romance            ","    A typical man with a good heart finds love after sighting a beautiful woman. Upon her request to get her a home by asking an old man (an old man that saw the hero saving a woman), he makes ...                See full summary »",155,5.3,334
Hrudaya Kaleyam,2014.0,U,Comedy            ,    A comedy about a petty electronics thief.,114,5.7,334
Mama Manchu Alludu Kanchu,2015.0,UA,"Action, Comedy            ","    Bhaktavatsalam Naidu (Mohan Babu), who has married two women and has successfully managed to keep the secret of the other woman to both the ladies..Later part reveal why Naidu married two of them and also his wives knowing the truth.",136,6.1,331
Prathinidhi,2014.0,,"Drama, Thriller            ","    A mysterious figure, who calls himself as 'The Common Man', kidnaps the Chief Minister of the state and threatens to murder him unless his demands are met.",150,7.4,331
Meesrti,2005.0,,Action            ,,90,3.6,331
Khatarnak,2006.0,A,"Action, Comedy            ",    Villain makes Ravi Teja a police officer so that he can use him for his own purpose. But when he knows the truth things turn upside down.,152,3.6,331
Ritu,2009.0,U,"Drama, Family            ","    Sarath, Varsha and Sunny are childhood friends, who get separated due to career requirements. Later, when Sarath tries to unite with other two, he finds that they changed drastically.",137,7.1,330
Sri Ramadasu,2006.0,,"Biography, Musical            ",    Based on the life story of the great devotee-musician Bhakta Ramadasu,0,7.0,330
Jawaan,2017.0,UA,"Action, Thriller            ",    The planned robbery of a missile pits childhood friends against each other.,134,4.7,329
Maalai Nerathu Mayakkam,2016.0,A,"Drama, Romance            ",    An incompatible couple get into an arranged marriage.,123,6.4,328
Subedar Joginder Singh,2018.0,UA,"Action, Biography, Drama            ",    It is a biographical feature film on India's Highest Wartime Gallantry Award - Param Vir Chakra winner Subedar Joginder Singh. He fought three wars (as per records) for India before ...                See full summary »,139,7.1,325
Anasuya,2007.0,A,"Crime, Mystery, Thriller            ",    A spine-chilling suspense thriller about a cat and mouse game between a budding journalist and motivated serial killer.,139,7.3,323
Jil,2015.0,A,Action            ,    A firefighter earns the wrath of a don who believes him to be helping his aide gone rogue.,141,5.7,320
Andarivaadu,2005.0,,"Action, Comedy, Drama            ",    Govindarajulu (Chiranjeevi) is a labor leader who enjoys life in his own entertaining way. His son Siddardh (Chiranjeevi) heads a popular TV channel. Govindarajulu raises his son Siddardh ...                See full summary »,162,4.4,320
Aaha Kalyanam,2014.0,UA,"Comedy, Romance            ",    Partners of a wedding-planning firm face problems when they fall in love.,142,6.0,319
Allari Pidugu,2005.0,U,"Action, Drama, Romance            ",    Chakravarthy is a military officer. He has twins called Ranjith and Giri. Ranjit is very responsible kid with bright attitude. Giri is more of an innocent carefree guy. Chakravathy feels ...                See full summary »,171,2.7,319
Officer,2018.0,UA,"Action, Crime            ","    An honest officer fights to bring down a corrupt and dangerous cop, and attempts to bring down the entire Mumbai mafia with him.",122,3.4,318
Yaan,2014.0,U,"Action, Thriller            ",    A young man gets into trouble in a foreign country.,153,3.5,317
Madhuram,2014.0,,"Drama, Fantasy, Romance            ",    A coffee cup takes us through a journey exploring the seven stages of love.,63,8.3,314
Vasu,2002.0,,"Drama, Romance            ",    Vasu is a musician and is hated by his father due to his unemployment. He emerges into a famous musician with the inspiration of his girlfriend.,146,6.9,314
Shiva,2006.0,A,"Action, Crime, Drama            ","    Sangli-based Shiva Kumar re-locates to Mumbai to live with his brother, Daksh; Bhabi, Manasi; and their son. He gets recruited as a Sub-Inspector with Mumbai Police, and Manasi hopes that ...                See full summary »",160,4.0,314
Saakshyam,2018.0,UA,Action            ,    A group of people commit unspeakable crimes and are confident of getting away with it since there are no witnesses. But nature is witness to their crimes and when all five elements of ...                See full summary »,166,4.9,312
Babu Bangaram,2016.0,UA,"Action, Comedy            ",    A cop goes undercover to investigate a businesswoman and her father.,150,5.4,311
Pantham,2018.0,UA,Action            ,    Vikranth is a vigilante who has targeted 'Nayak Bhai' and his money. Who is Vikranth and what is his beef with Nayak forms the crux of the story.,122,6.4,304
Nippu,2012.0,,"Action, Comedy, Drama            ",    The story begins with Surya (Ravi Teja) who owns a gym center and he also has a good friend Sriram (Srikanth). Surya is in love with his friend's sister Meghna (Deeksha Seth) and after some...                See full summary »,159,3.8,303
Chanakya,2019.0,UA,"Action, Thriller            ",    Arjun aka Ramakrishna is a RAW marshall from Delhi who has a 100% success rate at nabbing terrorists. What happens when he makes enemies out of India's most wanted Ibrahim Qureshi and his son Sohail?,147,5.5,302
Jessie,2019.0,A,"Horror, Thriller            ","    Set in an abandoned house, the film follows a team of professional ghost hunters trying to conduct a paranormal investigation to unveil the mystery of two sisters, Jessie and Amy, where Amy shows unusual mental and physical behaviour.",106,7.0,300
Ninu Veedani Needanu Nene,2019.0,U/A,Comedy            ,    Ninu Veedani Needanu Nene is about a young man who gets mired in a dire situation and comes out successfully.,123,5.9,300
E,2006.0,U,"Action, Drama, Thriller            ","    E along with his friend Tony (Karunas) carries out small crimes to earn money. E brought up in tough conditions, grows up as a tough, fearless and emotionless guy. Meanwhile; ...                See full summary »",150,6.4,299
Meeku Matrame Chepta,2019.0,UA,Comedy            ,"    Rakesh, in an effort to woo his fiance, has promised her that he is a teetotaler. But when a compromising video of his leaks just two days before his wedding, all hell breaks loose.",120,6.2,297
Jay Jay,2003.0,,Romance            ,    A different concept of destiny for a love story.,156,5.6,297
Naaga,2003.0,,Action            ,,0,3.9,295
Venkatadri Express,2013.0,U,"Adventure, Comedy            ",    A simple train journey to Tirupathi goes horribly awry for Sundeep (Sundeep) and Prarthana (Rakul) after they miss boarding the Venkatadri Express.,127,6.9,294
Golkonda High School,2011.0,,"Drama, Family            ",    A school in financial trouble hires an ex-student with a chequered past to regain the glory of its once famous cricket program,130,6.8,294
Morning Raga,2004.0,,"Drama, Music            ","    Morning Raga is about the meeting of worlds. It is a story that brings the modern and traditional together, unites the past with present, Carnatic music with Western music, as never before ...                See full summary »",110,6.9,292
Anjaneyulu,2009.0,A,"Action, Comedy, Crime            ",    A news reporter joins a gang incognito to expose corrupt politicians as well as find out who killed his parents.,143,4.8,291
Thimiru,2006.0,U,Action            ,    A young medical student is plagued by local toughs and must fight to see justice done.,155,5.7,290
Loafer,2015.0,,"Action, Drama            ",    An evil father takes away his son from his wife and tries to corrupt the boy.,134,5.2,289
Tej I Love U,2018.0,U,Romance            ,"    Tej, a youngster who's highly attached to his family, is banished from his home by his uncle (Peddananna). He then finds himself in London, where he falls in love with Nandini. After long ...                See full summary »",122,5.4,288
Ism,2016.0,UA,Action            ,    Hackers and gangsters collide in this story about the fight against corruption.,132,5.8,284
Abhinetri,2016.0,UA,"Comedy, Horror            ",    The Telugu version of the trilingual horror-comedy wherein a husband finds out his wife is possessed. The Hindi version is Tutak Tutak Tutiya (2016) and the Tamil version is Devi(L) (2016),127,6.1,284
Allari Ramudu,2002.0,,"Action, Comedy, Drama            ",,0,4.3,284
Devadasu,2006.0,,Romance            ,"    Devadas is the typical poor guy, while Bhanumati is a rich NRI girl whose father is the senator of New York. They fall in love when the girl comes to India to learn classical dance. Coming ...                See full summary »",175,5.0,283
O Pitta Katha,2020.0,U,"Drama, Thriller            ",    Two men fall deeply in love with the same woman but when she suddenly gets kidnapped they get involved in the case to rescue her.,128,6.9,278
Subbu,2001.0,,Drama            ,,0,4.4,277
Pilla Nuvvu Leni Jeevitham,2014.0,A,"Action, Drama, Romance            ",    Seenu(Sai Dharam Tej) falls in love with Shailu(Regina) and proposes to her but gets rejected every time.Twist in the tale arises when Seenu comes to know that Shailu is in danger posed by ...                See full summary »,160,6.0,276
Boss,2006.0,U,Romance            ,"    Abandoned at birth at the Kasturba Annarthalay by her father, Gangulal, due to her gender, Anuradha grows up, and feels rejected when she is by-passed for adoption. When she grows up, she ...                See full summary »",151,4.2,276
Raghavendra,2003.0,,"Action, Drama, Romance            ",    Raghavendra's life comes to a standstill when his lover is killed by a ruthless don and starts to live a reclusive life. However circumstances forces him to fight against the perpetrators who have ruined his life.,151,4.9,274
Kondaveeti Simhasanam,2002.0,U,"Action, Drama            ",,180,4.0,272
Cinema Chupista Maava,2015.0,,Family            ,"    Kaththi(Raj Tarun) is a careless youth who spends his life without any goal. One fine day, he falls in love with a Bengali girl named Parineetha(Avika Gor) and her father has some conditions for him to marry her daughter.",143,6.1,271
Sri Jagadguru Adi Shankara,2013.0,,Drama            ,    The film is based on the life of 8th century philosopher Adi Shankara. The film is the sequel of the 2001 Telugu Devotional film Sri Manjunatha.,0,6.4,270
Hawaa,2019.0,UA,Crime            ,"    A Gripping Nightmarish Journey in Broad Daylight which revolves around 9 BRAINS, 9 CRIMES in 9 HOURS..!.",110,7.0,269
Toofan,2013.0,,Action            ,    ACP Vijay Khanna is transferred to Mumbai. He is assigned to an investigation that puts him face to face with the oil mafia.,137,3.0,268
Ongole Githa,2013.0,A,"Action, Comedy            ",    White(Ram) enters the Chilli market yard in Ongole at the age of 12. Adikeshava (Prakash Raj) is the chairman of that Chilli yard. White comes to know of Adikeshava's real character and ...                See full summary »,160,5.1,268
Chukkallo Chandrudu,2006.0,,Drama            ,    A rich boy tries to identify the girl to marry from his 3 childhood friends.,146,5.4,268
Sankranthi,2005.0,U,Drama            ,"    Raghavendra, Vishnu, Chinna, and Vamsi are brothers. Raghavendra and Anjali (Arti Agarwal) fall in love and they are relatives as well. They get engaged with the consent of parents. But ...                See full summary »",160,6.2,266
Eeshwar,2002.0,,"Action, Drama            ",,0,5.2,265
Maruthu,2016.0,UA,"Action, Drama            ",    Maruthu is a rustic action entertainer where Vishal plays the role of a labourer. The story revolves around his relationship with his grandmother.,146,5.2,263
Police Police,2010.0,A,Action            ,"    Srikanth (S.P Ranadheer) appears as the protagonist while Prithviraj Sukumaran (D.S.P) appears as the antagonist. Srikanth is a sincere cop who tries to remove the wrong doers, whereas ...                See full summary »",142,5.6,261
Evvarikee Cheppoddu,2019.0,U,Drama            ,"    Hari and Harathi are in love, but Harathi's father won't agree to their relationship because of their caste differences.",133,7.3,261
Sudigaadu,2012.0,UA,"Action, Comedy            ","    Join Shiva, a larger than life hero on a madcap journey to find his kidnapped parents and to capture a notorious criminal.",140,5.7,260
Rama Rama Krishna Krishna,2010.0,UA,"Action, Comedy, Drama            ",    After his wife's murder he give up Mumbai and goes to a village with his two sisters for their safety.,161,5.4,260
Geethanjali,2014.0,A,"Comedy, Horror            ",    Filmmakers are haunted by a woman who committed suicide.,135,6.3,259
Sri Manjunatha,2001.0,U,"Drama, Family, History            ",    The story of the famous Saint-Poet Manjunatha.,152,6.9,259
Vennela,2005.0,UA,Romance            ,,133,7.0,258
Jaguar,2016.0,,Action            ,"    Krishna, a young medical student, strikes against corrupt figures of power as a vigilante and tries to decribes his father's injustice death while trying to win the love of his friend's sister as a college student.",153,5.6,257
Marshal,2019.0,,Action            ,"    Marshal is a medical crime thriller movie directed by Jai Raaja Singh and produced by Abhay Adaka. The movie cast includes Srikanth, Abhay, Megha Chowdhury and Rashmi are in the lead roles. Yaadagiri Varikuppala scored music.",143,6.9,257
Maska,2009.0,,"Action, Comedy, Drama            ",    An unemployed slacker attempts to woo and marry a woman who is going to live abroad.,156,5.2,254
Mehbooba,2018.0,UA,"Action, Drama, Romance            ",    Mehbooba movie is a romantic love story in the backdrop of 1971 Indo-Pak war.,152,5.7,253
Adhinayakudu,2012.0,,"Action, Drama            ",    A Grandson from a political family struggles to level up with his father and grandfather. Balakrishna plays all three roles in this film.,0,3.6,250
Lakshyam,2007.0,UA,"Action, Drama, Romance            ",    A tale of brotherhood and love .,164,6.1,249
Adavi Ramudu,2004.0,UA,"Action, Romance            ","    A poor man from a small village attends an urban college and wins the heart of a woman from a wealthy and powerful family. Her relatives disapprove. Eventually, the pair flee into the forest and are pursued by her angry family.",0,4.0,249
Mathangi,2016.0,UA,Horror            ,"    King Udayapandyan ruled some provinces of Tamil Nadu, 600 years ago. He fell in love with a huntress named Mathangi (Ramya Krishnan), married her and built her a bungalow near the forest. ...                See full summary »",145,4.2,247
Oka Chinna Viramam,2020.0,U,Thriller            ,"    Deepak is a businessman immensely in love with his pregnant wife Sameera . But when his idea of raising profits for his business puts her in trouble, he teams up with Balu (Naveen Neni) and Maya to save her.",95,7.3,244
Nenu Lenu,2019.0,UA,Drama            ,"    Nenu Lenu is the story of Eeshwar (Harshit), an orphan who falls for Parvati's (Sri Padma) honesty in the first sight and convinces her to marry him after much effort. In time, a gang of ...                See full summary »",118,7.3,244
Mrugaraaju,2001.0,U,"Action, Adventure, Thriller            ","    Raju lives a poor lifestyle in rural India along with his parents. He meets with a wealthy city girl, both fall in love, and get married much to the chagrin of her father who decides to ...                See full summary »",147,4.4,244
Bharani,2007.0,U,"Action, Drama            ","    Bharani, a hot headed man, tries to peacefully resolve the conflict between the families, from the one which he belongs, and the one from which his lover belongs. But several circumstances force him to use his fist than his heart first.",145,5.8,243
Dil,2003.0,,"Action, Romance            ","    Seenu has enrolled at the same college attended by Nandini, the only daughter of a don. Seenu is angry when her father's men beat him just because they think the two are falling in love, but it also becomes a challenge to win Nandini.",180,7.0,243
Ullasanga Utsahanga,2008.0,,Romance            ,    A complicated love story between childhood friend BALAJI and only friend Arvind. Which one Dhana should choose to spend his entire life with?,0,6.9,242
Kedi,2010.0,UA,Action            ,"    Ramesh, nicknamed Rummy (Nagarjuna) loves his childhood friend Janaki, who asks him to become rich and powerful before marrying her. With this motive, Rummy starts gambling and becomes rich in no time.",153,4.7,241
Shock,2006.0,,Action            ,    A man takes revenge from two corrupt encounter specialist officers and a criminal lawyer for framing him as a maoist and for killing his wife and unborn child.,0,5.4,241
Jyo Achyutananda,2016.0,U,"Comedy, Drama, Romance            ","    Achyut and Anand are brothers, Jyosthna is a tenant in their home. Both the brothers try impressing her.",125,6.5,240
Mithunam,2012.0,U,"Drama, Family            ","    Wedded together for fifty years, knowing each other inside out, Appadaasu and Buchchi Laxmi fill their retired days with raw quarrels and ripe loves. Emotional entanglements enslave them to...                See full summary »",120,7.7,240
Palasa 1978,2020.0,A,"Action, Drama            ","    Mohan Rao and his elder brother face Pedda Shavukar and Chinna Shavukar, a political battle where low caste fights the high caste power.",144,7.6,240
Boy,2019.0,U,"Comedy, Drama            ",    A boy's story during the final days of his high school.,129,6.9,237
Ninnu Choodalani,2001.0,,Romance            ,    The twin cities sport two sweet shop giants in the form of Siva Reddy (K Vishwanath) and Sahadeva Reddy (Kaikala Satyanarayana). Venu (Jr. NTR) is the teenage grandson of Siva Reddy and ...                See full summary »,0,4.4,235
Jayam,2002.0,,"Action, Drama, Romance            ","    Jayam is a 2002 Telugu film produced and directed by Teja on Chitram Movies banner. Starring Nithiin, Sadha, and Gopichand in the lead roles and music composed by R. P. Patnaik.The story is...                See full summary »",152,6.3,234
Mugguru,2011.0,U,Comedy            ,,0,5.0,233
Ganesh,2009.0,UA,Romance            ,,0,5.0,233
Arjun Reddy,2017.0,UA,"Drama, Romance            ",    A thief falls in love and this changes his life.,143,5.0,232
Vangaveeti,2016.0,A,"Action, Biography, Crime            ",    The life story of slain legislator Vangaveeti Mohan Ranga Rao who was assassinated during the NT Rama Rao regime in 1989.,142,6.2,232
Chandamama Kathalu,2014.0,,Drama            ,    Intertwining stories of people belonging to a cross section of society.,134,7.2,232
Chandamama,2007.0,U,"Drama, Romance            ",    Mahalakshmi confesses to her fiance that whilst at school in city she fell in love with a boy who broke her heart. The fiance sets out to find the philandering boy to teach him a lesson and...                See full summary »,0,6.7,232
Rowdy Fellow,2014.0,,"Action, Romance            ","    An egoistic wealthy man becomes a cop to settle a score, but gets into a feud with a local politician.",150,6.7,231
Shirdi Sai,2012.0,U,"Biography, Drama, Musical            ",    Biopic of shirdi sai baba.,145,6.7,230
Manasantha Nuvve,2001.0,,"Drama, Family, Romance            ","    A young man and a young girl who love each other, gets separated in their childhood. A lot of things happen later in their lives. But they get united finally.",157,7.1,229
Bhale Manchi Roju,2015.0,,"Action, Romance            ",    The story revolves around a guy who gets trapped in a situation where he is forced to kidnap a girl in order save his loved ones.,134,6.9,228
Devi Putrudu,2001.0,,"Drama, Fantasy            ",    Archeologist balaram doesn't believe in God and tries to find out the mystery of water torque in sea at ancient Dwaraka. Balaram believes that there is a mystery behind that's a strange ...                See full summary »,161,5.8,227
Super Duper,2019.0,UA,"Comedy, Thriller            ","    Two petty criminals end up kidnapping the wrong woman, and end up in a situation where they have to deal with a kingpin of a drug mafia.",118,6.6,226
Subhash Chandra Bose,2005.0,U,"Action, Drama, History            ","    Amarchandra lives a poor lifestyle in British India along with his mom, dad, Baba Thakur, and a sister. His dad works as a guard with the British Army, which is commandeered locally by ...                See full summary »",0,3.1,225
Hyderabad Blues 2,2004.0,A,"Drama, Comedy            ","    Six years after they got married, Ashwini and Varun come across a new challenge which tests the integrity of their marriage.",0,6.2,225
Veera Bhoga Vasantha Rayalu,2018.0,UA,"Crime, Thriller            ","    A cop is pursuing a dangerous man who is behind the disappearance of a flight with innocent passengers, and orphan girls. Will he be nabbed?",132,6.7,224
Kalyana Vaibhogame,2016.0,U,"Comedy, Drama            ","    Shourya (Naga Shourya) is a gaming software professional in Hyderabad. He is just 23 years old but his parents want him to get married before his aging grandmother dies. He wants freedom, ...                See full summary »",158,6.8,221
Heza,2019.0,UA,Drama            ,    A musician and his wife are haunted by an evil eye hex witch who tries to find her source for mortal life through them. The protagonist slums into unrest to escape from the demonic witch's grave peal.,111,7.4,220
Nenunnanu,2004.0,,Action            ,,0,5.3,218
Routine Love Story,2012.0,,"Comedy, Romance            ",    Sanju (Sundeep Kishan) is a college going student who falls for a girl Tanvi (Regina Cassandra) at first sight. They get along over a period of time but unsure of the advancing in their ...                See full summary »,124,6.0,216
Guna 369,2019.0,UA,"Action, Drama            ",    Guna (Karthikeya) is a happy-go-lucky guy who believes the solution to solving issues is not through violence but through compromise. But what happens when he's forced to the extremes by someone close to him?,146,6.3,216
Anandam,2001.0,,Romance            ,"    Kiran (Akash) and Aishwarya (Rekha) are neighbors for 20 years in Hyderabad. They study in the same college and immensely hate each other. Rekha's parents shift to Ooty. In Ooty house, ...                See full summary »",165,7.1,216
Masala,2013.0,,"Action, Comedy            ",    Balaram (Venkatesh) is a good hearted strongman of the village of Bheemarajapuram. He treats everyone with fairness and takes care of their needs. But there is one thing that Balaram cannot...                See full summary »,160,5.3,215
Entha Manchivaadavuraa,2020.0,U,"Action, Drama            ","    Balu loses both of his parents in his childhood and he grows up as an orphan. Because of this, he starts an organization named ""All Is Well"" to supply emotions to the needy.",152,5.5,215
Ruler,2019.0,,"Action, Drama            ","    Bhumika and Vedhika are trying hard to remind Balayya of his past. In the process, they take him to the villain's residence and asks to fight with him. Now, time for yet another fight",130,3.6,214
Om Namo Venkatesaya,2017.0,U,"Biography, Fantasy            ",    The life of Hathiram Baba is chronicled in this devotional biopic.,140,7.2,213
Gundello Godari,2013.0,,"Adventure, Drama, Romance            ","    Gundello Godari is about a newlywed couple who are forced to battle it out against a devastating flood of the River Godavari. They lose all hope of survival, so they decide to narrate the ...                See full summary »",108,4.8,213
Paper Boy,2018.0,,Romance            ,    The film is a rom-com which explores the life of a young paperboy.,125,6.5,212
Mister,2017.0,UA,Drama            ,"    Chai lives in Spain with his family where he meets and falls in love with Meera. Chai's fate takes a turn when he travels to India and meets Chandramukhi, who falls for him.",160,3.9,212
Raju Gari Gadhi,2015.0,UA,Horror            ,    There is a haunted house in Nandigama. Dead bodies of 34 people resurface in house's well over a period of time. A TV channel plans to host a reality show in that haunted house.,135,5.0,211
Dharma Bhai,2018.0,UA,"Action, Drama            ","    Teja, a software engineer's plans to take down corruption are inspired by real-life incidents that took place in 2014 at Kukapally, Hyderabad.",130,3.0,205
Software Sudheer,2019.0,UA,Drama            ,"    Chandu and Swathi are Software engineers. Chandu is an average guy who never misses an opportunity to impress Swathi. Once Swathi recognizes Chandu's honesty and innocence, the affair ...                See full summary »",125,6.0,205
Bhageeratha,2005.0,,"Action, Drama            ",    Krishna Lanka is an island in Godavari districts. The only way of commuting to that island is by boats. Lots of people die due to bad whether conditions while they travel. Krishna Lanka's ...                See full summary »,0,5.6,205
Azaad,2000.0,,"Action, Drama            ","    Anjali is a Journalist, who lives a middle-class lifestyle along with her widower dad in Hyderabad, Andhra Pradesh. One day while traveling by State Transport bus along with her dad and her...                See full summary »",0,6.2,205
Minugurulu,2012.0,,"Drama, Family            ","    Raju a 13 year old child passionate about films who always wanted to be a filmmaker become blind in an accident. Drunkard and irresponsible father puts Raju in a blind orphanage,claiming ...                See full summary »",109,7.5,204
Vijayendra Varama,2004.0,A,"Action, Thriller            ","    A man(Balakrishna) living in a village with a wife(Laya) and a child finds out that he is good at combative skills. After learning that he has amnesia, he goes in his search to find his identity and his past.",0,2.0,203
Mogudu,2011.0,UA,Drama            ,"    A couple truly in love get married. On the day of marriage just after the ritual due to a stupid reason an argument sparks, egoes crash which turns into violence. The couple separates. How they finally unite is rest of the movie.",159,3.8,202
Jayam Manadera,2000.0,,Drama            ,    Abhiram is a fun loving guy staying with his parents in London. 8 people won the contest of an opportunity to tour Europe. Uma is one of them. Abhiram likes Uma and acts as a tour companion for them during their stay in Europe.,151,6.3,202
Oxygen,2017.0,UA,"Action, Thriller            ","    Krishna arrives in India to get married to Shruti, but when Krishna saves her father from an attack, it is revealed he has a hidden agenda.",156,5.5,201
Bezawada,2011.0,A,"Action, Crime            ","    A man vows to avenge the death of his brothers, after they killed by a goon, who is also an aspiring politician. How he avenges forms the rest of the story of this violent saga set in a land of bloodshed and wars.",105,3.3,198
Satyam,2003.0,,Romance            ,"    Despite his best intentions, Satyam, an aspiring songwriter, is misunderstood by his family and his love interest, Ankita.",144,6.7,198
Avunu Valliddaru Ishtapaddaru,2002.0,U,"Comedy, Romance, Drama            ",,150,6.6,198
Baladoor,2008.0,UA,"Action, Comedy            ","    Chanti respects his uncle Rama Krishna more than his father Purshrotam. Rama Krishna has enmity with Umapathi because of something that happened 20 years ago. Later, Chanti is kicked out of...                See full summary »",0,4.0,197
2 Hours Love,2019.0,UA,Romance            ,    Story of a couple in a contractual relationship where they meet only for 2 hours a day and behave like strangers during other times.,150,6.7,197
MLA,2018.0,UA,"Action, Drama            ",    An intelligent youngster is faced with a situation to win in the state legislative assembly elections in order to win the approval of his father-in-law.,130,5.2,194
Radha,2017.0,,"Action, Comedy, Romance            ",    A romantic drama starring Sharwanand and Lavanya Tripathi.,126,5.4,192
Srimannarayana,2012.0,,Drama            ,"    A journalist fights crime, while getting revenge for his father's death.",135,4.1,190
Katha Screenplay Darsakatvam: Appalaraju,2011.0,,Comedy            ,    An aspiring director gets his chance to direct his dream project only to get his project changed by the film crew from an emotional drama to a comedy one.,0,5.0,190
Maharadhi,2007.0,,Action            ,    A common man and his Handicap Sister struggles in the modern world. How they are gonna fight them back is all story about.,149,2.1,189
Speedunnodu,2016.0,UA,"Comedy, Romance            ",    Speedunnodu is a remake of the Tamil hit film - Sundarapandian. The film is a romantic comedy about a young man and the girl he is trying to woo for his friend.,120,4.6,188
Asura,2015.0,,"Action, Drama            ",    The story deals with the ego between a jailor(cop) and the prisoner who is subjected to death.,120,6.5,187
Palnati Brahmanayudu,2003.0,,"Action, Drama            ",    The Saga of a village where the ancient religious commandments are believed. A man(Balakrishna) fulfills his destiny to bring justice to his village.,180,2.5,187
@ Nartanasala,2018.0,Not Rated,Drama            ,"    Naga Shourya is a young man who always wants women to be independent in life. In this process, he solves a girl called Manasa's problems and falls in love during the course of time. Just ...                See full summary »",139,3.7,185
Nuvvu Nenu,2001.0,,Romance            ,,135,6.7,185
Vijetha,2018.0,U,Drama            ,    Srinivasa Rao (Murli Sharma) does his best to give his children everything they seek and fulfil even the smallest of their desires. His son Ram (Kalyaan Dhev) grows up oblivious to all the ...                See full summary »,141,6.8,182
Vasantham,2003.0,,"Drama, Romance            ",    The story revolves around two friends who overcome the problems in their personal marriage lives with their friendship.,0,5.6,178
Kataka,2017.0,UA,"Horror, Thriller            ",    Kumar who works in a city as school teacher is fed up of the city life and plans to come back to his native and fulfill his dream of starting a school which will offer a stress less ...                See full summary »,107,7.5,173
Dongala Mutha,2011.0,U,"Action, Crime, Thriller            ",    3 people try to escape from the captivity of a group of kidnappers.,90,3.7,173
W/o Ram,2018.0,UA,Thriller            ,"    Deeksha, wife of Ram takes it in her own hands to find her husband's murderer when police refused to help her.",122,6.0,171
James Bond,2015.0,,"Action, Comedy            ","    A down-to-earth software employee marries a lady without knowing about her past and criminal activities. Halfway through his marriage, he finds out her background and decides to run away, but ultimately comes to terms with his problems.",142,5.5,170
Avunu,2012.0,,"Horror, Thriller            ","    The spirit of a serial rapist who's body is chopped into tiny pieces, mixed into concrete that's used to build a house, haunts it and terrorises the newly weds who move in there.",115,6.5,169
Veerabhadra,2005.0,,Action            ,"    Shamsher Singh is smuggler for many years, has a good heart, is known to the police, and lives with his grandmother, an alcoholic father; a photographer brother and his wife; and a sister. ...                See full summary »",169,2.5,169
Singham123,2015.0,,"Action, Comedy            ","    In a village called Singarayakonda, ruled by a self-proclaimed king and mafia-lord, Lingham, seductive supercop Singham123 is assigned the mission impossible: to arrest Lingham. Will Singham 123 be successful in completing the mission?",116,4.8,167
Anaamika,2014.0,,Thriller            ,"    Anaamika, a Tamilian Brahmin desperately meandering through the busy streets of Hyderabad in search for her husband. Saarthi, a confident and supportive cop helps Anaamika reach her goals.",145,5.6,167
Sasirekha Parinayam,2009.0,U,Romance            ,"    A girl (Genelia de Souza) who runs away from home on the day of her wedding she was made aware of, on the day it was supposed to happen - runs into a handsome 'stranger' (Tarun), slowly ...                See full summary »",157,5.3,167
Bendu Apparao RMP,2009.0,,Comedy            ,,0,6.7,167
Rajaratha,2018.0,,"Action, Adventure, Comedy            ",    It's a story of a Bus traveling from Rigalore(an imaginary place in malnad region of karnataka) to Chennai via Bengaluru. The journey has the hero and heroine occupying it and well ...                See full summary »,139,5.2,166
Andari Bandhuvaya,2010.0,U,Drama            ,"    Nandu (Sarwanand), a village youth who works in a city, is altruistic. His colleague, Paddu (Padma Priya), is a composed girl, who is particular about spending each and every rupee for her ...                See full summary »",134,7.3,165
Janda Pai Kapiraju,2015.0,UA,"Action, Thriller            ","    Arvind Nani who came to the city from a rural area, is a naive employee in a company. He cannot tolerate corruption, bribery, breaking rules, lavishness and the urban culture of youth in ...                See full summary »",129,6.3,164
Krishna Aur Kans,2012.0,U,"Animation, Action, Adventure            ","    Hailed as India's first stereoscopic animated film, 'Krishna Aur Kans' is an exciting narrative full of action and drama. The movie chronicles Krishna's early years -- from his birth as the nemesis of his tyrannical uncle Kans.",117,6.5,163
Seema Tapakai,2011.0,,Comedy            ,"    Sri, the son of a wealthy businessman falls for Satya, a girl who despises rich people. To impress her, Sri pretends to be poor and ropes in his family to do the same for him.",128,6.1,163
Mahathma,2009.0,,"Action, Crime, Drama            ",    An uninhibited goon decides to become a member of the Indian Legislative Assembly.,0,5.9,161
Baanam,2009.0,UA,"Action, Drama            ",    The journey of a young IPS aspirant Bhagat who is the son of a former Naxalite.,115,7.1,161
Bhai,2013.0,UA,"Action, Comedy, Thriller            ",    A hitman turns against his boss in order to save his brother.,153,3.2,160
Itlu Sravani Subramanyam,2001.0,,"Drama, Romance            ",    Sravani and Subramanyam meet at a suicide point but are unsuccessful when they try to help each other die. They soon begin to fall in love and decide to run away from their homes.,134,6.5,160
Sathyam,2008.0,UA,"Action, Drama            ","    Sathyam, an assistant police commissioner, fights crime in his own way.",137,5.1,160
Pressure Cooker,2020.0,UA,"Comedy, Drama, Family            ","    This is a new age family drama entertainer. The story is about a young graduate under pressure from his father who expects him to go and ""settle"" in USA to be seen as successful. #pressurecookermovie",135,6.5,159
Ranam,2006.0,UA,Action            ,    The duel between hero and villain when hero falls for villains sister,0,6.5,159
Sri Anjaneyam,2004.0,,Fantasy            ,"    Sri Anjaneyam is a Telugu film directed and produced by Krishna Vamsi. It stars Arjun Sarja, Nitin, Charmme Kaur in the lead roles. Prakash Raj and Ramya Krishna play supporting roles. This...                See full summary »",174,4.4,156
Chiru Navvuto,2000.0,U,"Comedy, Drama, Romance            ",    Chirunavvutho is the story about Venu (Venu) who moves to Hyderabad after being dumped by Aruna (Prema). He falls in love with another girl called Sandhya (Shaheen Khan) and proposes to her...                See full summary »,147,7.2,156
Operation Gold Fish,2019.0,UA,"Action, Thriller            ",    A group of commandos set out on a mission to find and eliminate a mysterious terrorist mastermind called Gold Fish in the Kashmir valley.,127,4.4,155
Subrahmanyapuram,2018.0,UA,"Drama, Mystery, Thriller            ","    Karthik, an atheist, investigates a series of suicides, which are believed to be an act of God by the people of Subrahmanyapuram",133,5.5,155
Baava,2010.0,U,Drama            ,"    History appears to be repeating itself when, just like his father, a young man falls for a woman whose family disapproves of him. However, with his father's help, he chooses to fight fate rather than accept it.",145,4.7,155
Courier Boy Kalyan,2015.0,,"Action, Romance, Thriller            ",    A courier boy's life turn into unexpected consequences because of a courier received from a social service activist.,145,5.4,154
Jabardasth,2013.0,UA,Comedy            ,"    A carefree young man befriends a feisty girl, becomes her business partner, but when she falls in love with him, things get complicated and they separate. What will happen when another girl...                See full summary »",153,3.9,154
Pellam Oorelithe,2003.0,U,"Comedy, Drama            ",    Two men pretend to be married to a prostitute to protect each other's marriages.,149,6.8,154
Hanuman Junction,2001.0,U,"Drama, Action, Comedy            ","    A man falls in love with the sister of two thugs. In order to win her heart, he not only joins her brother's company but also tries to sort out their complicated love lives",158,6.8,154
Ninnu Thalachi,2019.0,U,"Comedy, Romance            ","    Abhiram (Vamsi Yakasiri) is a happy-go-lucky guy, who falls in love at first sight with a girl named Ankitha tries very hard to explain his feeling to her. On the other hand, she loves ...                See full summary »",138,7.4,152
Jayammu Nischayammuu Raa,2016.0,,Comedy            ,    A simple man begins to find himself when he leaves his home and mother to pursue love and a career.,154,7.2,151
A Film by Aravind,2005.0,A,"Horror, Mystery            ",    Best friends since childhood Aravind and Rishi struggled for film industry fame before Aravind's films with Rishi as hero become successful. They plan to go on a road trip to search for ...                See full summary »,150,7.1,151
Ye Mantram Vesave,2018.0,U,Drama            ,"    A youngster, who is obsessed with gadgets, plays a game to pick up women. However, as the game progresses, things go awry when a woman's life is in danger.",123,4.0,150
Souryam,2008.0,UA,"Action, Drama            ","    Searching for his long-separated sister, a man arrives in Kolkata and gets into a brawl with the local goons.",151,5.8,149
Blade Babji,2008.0,U,Comedy            ,"    Blade Babji is a Telugu comedy movie released on 24 October 2008 under the banner of Satya Movies. Its star cast included Allari Naresh, Sayali Bhagat, Venu Madhav, Srinivasa Reddy, Krishna...                See full summary »",150,6.4,149
Andhrudu,2005.0,A,"Action, Drama            ",    An honest cop comes to the rescue of his girlfriend and her family when they get caught amidst hooliganism in Bihar.,155,6.6,146
Bluff Master,2018.0,,"Crime, Thriller            ","    Ace conman Uttam effortlessly thinks up schemes to swindle gullible and greedy folks. However on a rare occasion, things don't go according to plan and he ends up in the clutches of a ruthless gang who demand schemes from him for money.",138,6.5,143
Aatagadharaa Siva,2018.0,,"Action, Comedy, Drama            ","    Revolving around the idea of ""life is a game"", the suspense comedy-drama features Hyper Aadi, Chammak Chandra and Chalaki Chanti in pivotal roles.",111,7.3,143
Rechipo,2009.0,A,Action            ,"    Siva steals crores of money from the Home Minister's residence that actually belongs to a gangster. Siva must save the Home Minister's daughter, who is kidnapped by the gangster.",156,3.3,143
Kadhal Sadugudu,2003.0,UA,"Action, Drama            ",    A man who does everything unintentionally is misunderstood by the father of the girl he loves.,138,5.7,142
Ra Ra Krishnayya,2014.0,,Romance            ,"    Kittu alias Krishna Sundeep Kishan is a cab driver who saves his money with the cab owner Tanikella Bharani. When the owner refuses to return his money back, Kittu kidnaps owners daughter ...                See full summary »",138,5.3,142
Nuvvu Vasthavani,2000.0,,"Family, Romance            ","    Chinni is a singer. Indu adores him and she wants to meet him. Everytime they meet, Indu mistakes Chinni's character. Later Indu loses her eyesight and Chinni takes care of her. Again fate seperates Indu and Chinni. Did they ever reunite is the story.",158,6.7,142
Life Before Wedding,2010.0,Not Rated,"Comedy, Drama, Romance            ","    Jai and Rishi, two best friends, are introduced to Anu, while Radhika is in love with Rajesh. But things take a turn when Varun enters Radhika's life and Anu must decide whom to marry.",100,7.2,141
Silly Fellows,2018.0,U,Comedy            ,"    An influential politician on his deathbed reveals the whereabouts of an illegal money stash to his trusted aide, a local MLA who becomes amnesiac after meeting with an accident.",122,5.9,140
Ninne Premistha,2000.0,U,Romance            ,"    Kalyan misinterprets Meghamala's concern for love and tells her that he loves her. But, she refuses his marriage proposal. It remains to be seen why Meghamala refuses the proposal.",0,6.1,138
Ami Thumi,2017.0,U,Comedy            ,    A tale of two pairs succeeding in their love life without hurting Thier parents.,125,6.6,137
Oka Manasu,2016.0,U,"Drama, Musical, Romance            ","    A love story between Surya, the son of a influential politician and Sandhya, an aspiring doctor. Their love fights societal pressure.",146,5.3,137
Aatadista,2008.0,,"Action, Comedy, Drama            ","    Jagan alias Chinna is industrialist Lion Rajendra's jobless son. He falls in love with Sunanda. Meanwhile, he suggests that his father and his rival Raghunath get into a partnership to ...                See full summary »",146,4.2,137
Poola Rangadu,2012.0,,Comedy            ,    An educated and ingenious young man from the city seeks to recoup his struggling family's fortunes through a rural real estate deal that proves to have potentially deadly -- and VERY funny ...                See full summary »,0,5.7,135
Kitakitalu,2006.0,UA,"Comedy, Drama            ",,150,5.8,135
Missamma,2003.0,,Drama            ,    The life of an employee drastically & dramatically changes when he approaches his new boss for a promotion .,0,7.0,134
Desa dimmari,2018.0,,Romance            ,    Desa dimmari is a story about the forbidden love that can only be known between a brother and sister. A secret kept in a family that is driven by an overwhelming need to maintain image in a...                See full summary »,0,6.8,132
Sparsha,2000.0,U,"Drama, Musical, Romance            ","    Sudeep accidentally knocks down Radha on the railway tracks and looses her leg. Filled with guilt, he offers to marry her without letting her know that he was behind the accident.",154,6.9,132
Case No. 666/2013,2013.0,UA,"Horror, Thriller            ","    Three buddies Bhaskar, Chaitanya and Durga along with a stranger, venture into a forest and stay in a haunted guest house. They carry two cameras through which they start recording interesting and mysterious happenings.",110,4.6,132
I Love You,2019.0,UA,"Drama, Romance            ","    When Santu meets Dharmika after few years of romantic college life, will he win the lost love, or is there something surprise round the corner.",122,4.8,131
Nayaki,2016.0,A,"Comedy, Horror, Thriller            ","    Story is about a ghost looks for men ,looking on women with bad intentions",113,2.9,130
Ee Rojullo,2012.0,U,"Comedy, Romance            ",    Srinivas is a gullible lover who gets used by girlfriends for his money. Shreya is fed up with guys who wants to take their friendship to next level in order to have a physical relationship...                See full summary »,129,5.6,130
Kamma Rajyam Lo Kadapa Reddlu,2019.0,UA,"Drama, Thriller            ","    Andhra Pradesh faces turmoil as elections roll around the corner,various political leaders fight against each other and vie for the CM seat.",153,3.7,130
24 Kisses,2018.0,,Romance            ,    A heartfelt romantic comedy movie about modern age relationships and the transformation of the lead characters. This movie is also a celebration of 24 unique kisses varying from romantic to heart-warming.,140,4.9,129
Next Enti?,2018.0,UA,"Comedy, Drama, Romance            ",    A girl with a complicated mind fall in love with a boy who have open feelings for her.,122,4.6,129
Naa Bangaaru Talli,2013.0,A,"Crime, Drama, Family            ","    Naa Bangaaru Talli explores the consequences of sex trafficking, testing the vulnerability of trust in human relations.",126,7.2,129
Anthaka Mundu Aa Tarvatha,2013.0,,"Drama, Romance            ",    A tale Love and romance between two people which leads to live in relationships .,151,6.6,129
Naa Nuvve,2018.0,U,Romance            ,"    Meera (played by Tamannaah Bhatia), a happy-go-lucky radio jockey falls in love with Varun (played by Kalyan Ram Nandamuri) who exudes confidence but is nothing like Meera. How far will the two go for the sake of their love?",125,4.2,128
All the Best,2012.0,UA,Drama            ,,0,5.5,128
Ranga (S.S.L.C),2004.0,UA,"Action, Comedy, Drama            ","    An auto driver Ranga, who fails to pass SSLC (10th Standard) even after repeated efforts. The enmity between Bomb Naga and Ranga continues and the story revolves around love, death and sentiments.",0,6.2,128
Athanokkade,2005.0,,"Action, Drama            ",,147,6.8,127
Seema Sastry,2007.0,,"Action, Comedy            ",    A young man tries to impress his girlfriend's factionist father with his antics in order to convince him for their marriage.,136,6.3,126
Amma Cheppindi,2006.0,,Drama            ,    A sentimental drama where Sharwanand plays a risky role of a mentally underdeveloped boy. His family includes his father who is a scientist in a rocket center; his mother (Suhasini) who ...                See full summary »,0,7.1,126
Sankham,2009.0,A,"Action, Comedy            ",    A cheerful young man gets drawn into a longtime conflict between two rivals after going through a series of life-changing and threatening challenges.,155,5.0,125
Ride,2009.0,,Drama            ,    Arjun always wanted to ride a bike but being from a middle class he is unable to buy one. Mahesh also hailing from a middle class family has to buy a bike for work. His mother gives him her...                See full summary »,0,5.2,125
Suryakantham,2019.0,U,"Comedy, Romance            ",    Suryakantam is the story of an eccentric girl who turns everyone's worlds upside down.,139,5.4,123
Bhale Dongalu,2008.0,,Romance            ,"    Bhale Dongalu is a 1976 Telugu film with a strong cast such as Mahesh Babu, Krishna Ghattamaneni, Manjula in the lead roles. It is directed by none other than K.S.R. Doss. It has some ...                See full summary »",130,4.2,123
Kousalya Krishnamurthy,2019.0,U,"Drama, Sport            ","    Kousalya Murugesan, the daughter of Murugesan, a farmer, aspires to become an international cricketer so that she can put a smile on her cricket-loving father's face by helping the country win.",149,7.4,123
Andhhagadu,2017.0,,Comedy            ,    Gautham (Raj Tarun) is a Radio jockey. He is a blind orphan. To fix his eyes he was looking for a donor. Then incidentally she met with a young female doctor Dr. Netra (Hebah Patel). He ...                See full summary »,132,5.7,122
Okka Ammayi Thappa,2016.0,U,"Action, Drama, Romance            ","    In an attempt to free their jailed terrorist boss Aslam, a group of terrorists plant a bomb on a flyover in Hyderabad. As fate has it, Krishna Vachan and Mango are caught in the chaos and unwittingly become a part of the terrorists' plan.",134,5.7,122
Bheemli Kabadi Jattu,2010.0,,Sport            ,,0,7.3,122
Naa Ishtam,2012.0,,Drama            ,    Gani (Rana) is a Telugu youth who lives and works in Malaysia and he is an extremely selfish person. He always thinks about himself and his benefits first. Into his routine life comes ...                See full summary »,0,3.5,122
Voter,2019.0,,Romance            ,"    Gautam is an NRI who returns to India to cast his vote. When challenged by the woman he loves, Bhavana , to make a politician fulfill his campaign promises if he wants to win her over, Gautam sets off on a path to change the system.",0,7.4,121
Sankarabharanam,2015.0,,Comedy            ,    Sankarabharanam is a remake of the Hindi sleeper hit - Phas Gaye Re Obama. The film tells the story of an NRI from America who is on the verge of bankruptcy. He finds out that he owns a ...                See full summary »,154,4.8,121
Chaarulatha,2012.0,,"Horror, Thriller            ",    A deceased conjoined twin returns to haunt the surviving sister.,116,5.3,121
Prema Kavali,2011.0,,Romance            ,"    A story about Sreenu, an NCC cadet who loves Prema in his college, and his heroic efforts to gain his love",166,5.8,121
Ontari,2008.0,,Action            ,"    Vamsi (Gopichand) happens to fall in love with a girl Bujji (Bhavana) who is an orphan and stays in a hostel. With the consent of his parents, Vamsi tries to get engaged with Bujji. But she was kidnapped by a group of gangsters. Vamsi sets on a path of revenge.",0,5.8,121
Ammammagarillu,2018.0,,Romance            ,"    A family entertainer, the story of Ammammagarillu revolves around a young guy (played by Naga Shaurya) who shares a close bond with his grandmother (played by Sumitra). It depicts the ...                See full summary »",156,5.4,120
Brand Babu,2018.0,U,Comedy            ,"    A rich entrepreneur obsessed with his luxurious life falls in love with a housemaid, but their different lifestyles might prove to be a hurdle in their relationship.",144,5.3,119
Mitrudu,2009.0,UA,Drama            ,"    An Orphan marries a woman with a joint family, only to know that she betrayed him. Does he find a new family? Who are his parents?",0,4.3,118
Mr. Medhavi,2008.0,U,"Drama, Romance            ",,0,5.8,117
Hippi,2019.0,A,"Action, Comedy, Romance            ",    Hippi is about the live-in relationship between an energetic youngster and a confident girl.,143,5.0,116
Aha Naa Pellanta,2011.0,UA,Comedy            ,"    Subramaniam aka Subbu (Naresh) is an honest, intelligent, kind and hardworking IT professional. However, one night at a party organized by his boss Balaraju (Brahmi) changes his life.",142,5.4,116
Aatagallu,2018.0,UA,"Action, Thriller            ","    Although all evidence points to the contrary, a public defender becomes convinced that his client is not guilty of murder.",141,5.3,115
Thikka,2016.0,UA,"Action, Comedy            ","    A freaky incident during a man's breakup party leads to an ultimate change in his life as uncalled situations pop up, eventually leading to a lot of frenzy.",140,4.6,115
Dorasani,2019.0,U/A,"Drama, Romance            ",    Dorasani explores the periodic tale of love between a rich lady Devaki and a poor boy Raju.,130,5.9,115
Allari Bullodu,2005.0,,Romance            ,"    Madhava Rao (Vizag Prasad) is a big businessman and his competitor Saxena (Satya Prakash) is a crook. When Madhav Rao meets with an accident,his daughter Trisha (Trisha) takes over the ...                See full summary »",175,2.9,115
Raju Gadu,2018.0,,Family            ,"    Raj Tharun has a serious problem; he is a kleptomaniac. He can't stop himself from stealing small things. Even when he falls in love with the beautiful Amyra Dastur, he couldn't restrain ...                See full summary »",130,5.3,114
Guntur Talkies,2016.0,A,Comedy            ,"    This story focused on two characters: Hari, a 25-year-old Casanova, and Giri, a man in his late 40s, deserted by his wife and left to handle two little children.",158,5.8,114
Kshemanga Velli Labhamga Randi,2000.0,,Comedy            ,"    Ravi, Rambabu and Brahmanandam work as mechanics. These three families live in the same neighborhood and their husbands,spend half of their salary on the unnecessary items and their wives always find it impossible to make the ends meet.",0,6.7,114
Kotha Janta,2014.0,,"Comedy, Drama            ","    Kotha Janta is romance drama, which is about what happens when a young selfish TV anchor falls in love with a girl. Besides direction, Maruthi has also written story, screenplay and ...                See full summary »",146,4.7,113
Iddari Lokam Okate,2019.0,UA,"Drama, Romance            ","    A series of coincidences brings two star-crossed lovers together, but fate pulls them apart until they encounter each other again in Hyderabad.",126,5.6,112
Eduruleni Manishi,2001.0,U,"Comedy, Drama            ","    Surya Murthy lives a very wealthy lifestyle in India along with his parents, his niece, and a younger look-alike brother, Satya. His parents would like him to get married, but he refuses ...                See full summary »",138,4.5,112
Kittu Unnadu Jagratha,2017.0,,Comedy            ,    A man (Raj Tarun) makes his living by kidnapping expensive dogs and hitting their owners up for ransom.,143,5.8,111
Nuvva Nena,2012.0,UA,Comedy            ,"    Avinash, a small-time crook, falls in love with Dr. Nandini, and Anand, a patient, also has feelings for her. Later, Avinash and Anand discover that Dr. Nandini is already in love with someone else.",127,4.6,111
Rama Chakkani Seetha,2019.0,,"Drama, Romance            ","    Rama Chakkani Seetha tells the story of Balu and Anu, and how they fall for each other.",126,6.1,111
Jaihind 2,2014.0,U,Action            ,    One man's fight to give good education to the poor.,155,5.2,110
Nuvvila,2011.0,U,"Comedy, Drama, Romance            ",    Three boys who work at a pizza store are thrown into three different stories when one boy had to cover for another boy and make a delivery.,139,6.8,110
Mard Ki Zabaan 2,2015.0,,"Action, Romance            ","    Soukhyam tells the story of a happy-go-lucky young man, who wants to provide the comforts of life to his family. When he falls in love with a girl, he suddenly faces a lot of obstacles. How...                See full summary »",142,3.7,109
Hyderabad Nawabs,2006.0,A,Comedy            ,    I wnat to see dis movie now,118,6.9,109
Veede,2003.0,,"Action, Drama            ","    Yedu is a responsible citizen of Bobbarlanka, a place where everything is in place but for the polluted water that is coming from the factory. Everybody in the village complained, but of no...                See full summary »",180,4.9,109
ABCD: American-Born Confused Desi,2019.0,U,Comedy            ,    Aravind aka Avi (Allu Sirish) and his cousin Bala Shanmugam aka Basha (Master Bharat) are NRIs who love to live their life king size. What happens when the former's father (Naga Babu) decides to teach them a lesson in responsibility?,145,5.4,108
Hare Ram,2008.0,A,"Action, Thriller            ","    Realizing his twin brother has gone on a killing spree, a police officer decides to hunt him down within 24 hours or lose his job, but soon finds his mission complicated.",134,6.4,107
Tenali Ramakrishna BA.BL,2019.0,UA,"Action, Comedy, Drama            ",    Tenali Ramakrishna (Sundeep Kishan) is a small-time lawyer who makes his living via compromises between warring parties. He is looking for a big case that could turn his life.,128,5.0,106
Gowtham SSC,2005.0,,Drama            ,    A negligent carefree young boy rising to high position in the bureaucracy against all odds.,150,5.9,106
Seetharamula Kalyanam Lankalo,2010.0,,"Action, Comedy, Drama            ",    A woman is abducted by a man who wants to forcibly wed her.,142,4.3,104
Yuvakudu,2000.0,,Romance            ,"    Siva falls for Sindhu who initially dislikes him. His mother however brings them together, but an unexpected turn of events could tear them all apart",145,7.0,104
Idam Jagath,2018.0,UA,"Action, Thriller            ","    Nishith, who suffers from a sleeping disorder, and desperate for work, becomes a crime reporter at night.",126,5.5,103
Happy Wedding,2018.0,U,Drama            ,"    A simpleton guy Anand and a modern girl Akshara fall in love and decide to get married. However, their lives turn upside down when Akshara's past walks back in her life, making her have second thoughts on their wedding day.",128,4.3,103
Nuvvu Leka Nenu Lenu,2002.0,U,Romance            ,,150,6.3,103
Yamudiki Mogudu,2012.0,,"Comedy, Fantasy            ","    Naresh, who was born as a result of tangle between Lord Brahma and Goddess Saraswathi, has some godly powers. After some incidents he marries daughter of Lord Yama, and the rest of the story is about how Naresh saves his family and love.",0,4.8,102
Bommana Brothers Chanadana Sisters,2008.0,,Comedy            ,    Ramachandran and Tulsi are brothers who come from a family of thieves and con men. They decide to con the daughters of a wealthy cloth merchant but all does not go as planned.,161,5.7,102
Sontham,2002.0,,Action            ,,0,6.9,101
Panchakshari,2010.0,,"Drama, Fantasy, Thriller            ","    Possessed by Devi Maa, a blessed woman predicts her own death, leaving her shattered family to deal with a look-alike.",129,3.8,100
Snehamante Idera,2001.0,U,"Comedy, Drama            ",    Chandru and Aravind's friendship of many years is put to the test when a dark secret from their past is uncovered,0,4.3,100
1st Rank Raju,2019.0,,"Comedy, Drama, Romance            ","    Raju is an engineering student who is obsessed with academics and very little else. When he is eventually forced to face the real world that lies beyond books, Raju stumbles on to a long ...                See full summary »",0,5.3,100
Dongodu,2003.0,,Comedy            ,"    Watch the full movie, Dongodu, only on Eros Now. Dongodu is a 2003 Indian Telugu film, directed by Bhimaneni Srinivasa Rao and produced by Rushita Sai. The film stars Ravi Teja, Kalyani and...                See full summary »",144,4.9,100
Devullu,2001.0,U,Drama            ,"    Two unhappy kids get away from home, to visit all the important temples in India and fullfill all the owes made by their grandmother. So that their divorced parents will get unite.",0,7.0,100
Pourudu,2008.0,UA,Action            ,    Ajay tries to stay on an honest path even though his father is the chief henchman of a powerful crimelord,0,5.4,99
Amrutha Ramam,2020.0,,Drama            ,"    Amrutha Ramam is a heartfelt love story based on a series of true experiences. The film depicts the lives of Amrutha and Ram, and how together they find the meaning of selfless love.",0,8.0,99
Prematho Raa,2001.0,U,Romance            ,,0,5.8,98
Bumper Offer,2009.0,,Romance            ,    Crazy love story between rich girl (Aishwarya) and poor boy (Sai).,0,4.9,98
Rayalaseema Love Story,2019.0,A,Drama            ,    Rayalaseema Love Story is a thrilling combination of romance and action directed by Ram Ranadheer.,154,6.2,96
Soggadu,2005.0,,Romance            ,    A romantic story with plenty of action drama about a rudderless youth who finds a new purpose with his newfound love.,0,4.8,96
Budget Padmanabham,2001.0,U,"Comedy, Drama            ",,0,5.7,96
Emo Gurram Egaravachu,2014.0,UA,Drama            ,"    In order to obtain a US visa, Bullebbai agrees to marry a woman who has an agenda of her own",144,5.6,95
Ayyare,2012.0,,"Drama, Family            ",    Venkatesam (Shivaji) is a mechanic who runs his own garage. He is a carefree and fun loving guy who loves to enjoy life. He comes across Anjali (Anisha Singh) and it is love at first sight ...                See full summary »,129,6.9,95
Valayam,2020.0,UA,Mystery            ,"    When his wife goes missing, Arvind must solve the mystery of her disappearance before time runs out and he becomes the prime suspect.",140,7.0,95
Idhi Mamulu Prema Katha Kaadu,2012.0,U,Romance            ,    Life as seen through the eyes of two adolescents.,127,6.7,94
Rey,2015.0,,"Action, Music            ",    An aspiring dancer joins a Jamaican college and teams up with a local in order to win a dance competition. She meets the two-time winner who creates horrible obstacles for her.,168,5.0,94
Kabaddi Kabaddi,2003.0,U,"Comedy, Drama, Romance            ","    Mambully Madhavan Kutty (Kalabhavan Mani) has quite a few old scores to settle with Mambully Vijayan (Mukesh), his illegitimate brother. Despite his lesser standing, Vijayan gets to set ...                See full summary »",137,6.7,94
Napoleon,2017.0,,"Drama, Mystery            ",    The curious case of a missing shadow. Napoleon (Anand Ravi) visits a police station and lodges a complaint that his shadow is missing. This unique case becomes the talk of the town. ...                See full summary »,119,7.4,93
Idi Ma Prema Katha,2017.0,U,Romance            ,"    Idhi Maa Prema Katha is a Telugu movie starring Anchor Ravi and Meghana Lokesh in prominent roles. The movie also stars Prabhas Sreenu, Priyadarshi Pulikonda, Tulasi Shivamani and Vizag ...                See full summary »",141,8.1,92
Babu Baga Busy,2017.0,A,Comedy            ,    A man's sexual affairs with different woman in different stages of life comes to an end when he meets a girl accidentally.,126,6.4,92
Bhanumathi & Ramakrishna,2020.0,,"Comedy, Drama, Romance            ",    Bhanumathi Ramakrishna is a romantic comedy which gives a glimpse into the lives of the two characters - Bhanumathi (played by Salony) and Ramakrishna (played by Naveen). Ramakrishna ...                See full summary »,93,7.5,92
Ala Ela,2014.0,,"Comedy, Romance            ",    A romantic comedy that involves a dying grandfather's wish for his grandson to marry a village girl chosen for him by the grandfather. The reluctant grandson agrees to meet the girl ...                See full summary »,132,7.3,91
Kevvu Keka,2013.0,,Comedy            ,"    A girl lies to her father that her boyfriend, a salesman, is rich. But he breaks the alliance on learning the truth. She then challenges him that her boyfriend will become a millionaire in ...                See full summary »",125,5.4,91
Mantra,2007.0,A,"Crime, Thriller            ",    Mantra wants to sell her ancestral home. The place is haunted and the buyer wants someone to stay in the house for 3 months. Mantra decides to stay in the home and rest of the story is how they uncover the mystery of the home.,128,6.8,91
Runam,2019.0,UA,Romance            ,,131,8.8,91
Manoharam,2000.0,U,"Action, Drama            ","    The film begins with the ISI moles scheming to destabilize India right in the opening shot, followed by their devastating bomb blasts in Coimbatore and Hyderabad. Basha (Mukesh Rishi) an ...                See full summary »",0,7.1,91
Siddu from Srikakulam,2008.0,U,Comedy            ,,0,5.4,90
Nachavule,2008.0,,Romance            ,"    A story of teenage romance with a hard-hitting message that nothing in life should be taken for granted, especially love and the ones you love.",0,7.3,90
Yagnam,2004.0,UA,Action            ,    Seenu (Gopichand) is a loyal servant and a right-hand of faction leader Reddeppa (Devaraj). He and Sailaja (Sameera Benarjee) - daughter of Reddeppa - grew together. Nayudamma (Vijaya ...                See full summary »,144,6.3,90
Mee Sreyobhilashi,2007.0,U,Drama            ,,0,7.6,90
Snehamera Jeevitham,2017.0,A,Action            ,    It's about friendship between two friends and how their life changes when a new girl comes into their life and how their friendship will be impacted upon her arrival where a tiny misunderstanding leads to a war between two close friends.,130,8.3,89
Kobbari Matta,2019.0,,Comedy            ,    Kobbarimatta is a Comedy Spoof Telugu Film. Pedharayudu (Sampoornesh) is a village headman. He got misunderstandings with his Son Androidu and other family members. How they solved those problems and united is rest of the story.,110,5.8,89
Sukumarudu,2013.0,,Drama            ,"    Suku sees relationships as a means to an end. So when he sets out to establish his company, he looks to his grandmother's property as a solution to his money woes.",160,5.3,88
Fitting Master,2009.0,UA,"Action, Comedy, Crime            ",    Will Meghna continue to love Sampath after he kills her brother?,146,5.5,88
Operation Duryodhana,2007.0,A,"Action, Crime, Drama            ","    Based on 2005 sting operation in Andhra Pradesh, where a police officer unearth the political scams.",157,5.8,88
Savaari,2020.0,UA,Romance            ,"    Raju who rents his Badshah for weddings, meets Baagi who has been in quench of real love after her step-parents try to get her married against her wish. How did she escape that marriage is the crux of the story.",153,6.7,87
Jadoogadu,2015.0,,Action            ,    Backdrop of the story is about a go lucky village guy who goes to city determined to get rich and how he achieves it with his philosophy of working hard.,151,5.5,86
Malini 22,2013.0,,"Drama, Thriller            ",    A wronged girl turns avenging angel.,131,5.1,85
Show,2002.0,U,"Comedy, Drama            ","    About life, its contradictions. ""Life is a drama and we are all actors"" is reflected in this film.",120,7.0,85
Family Circus,2001.0,U,"Drama, Family            ",,127,6.6,85
Rough,2014.0,,Romance            ,    A man is challenged by the brother of his beloved to get her to fall in love with him.,180,4.9,84
Paathshala,2014.0,,Drama            ,"    Four young people take a road trip after college. Their attempt at a last hurrah before reality sets in is unsuccessful, however, because reality follows them on the road, which becomes a school of sorts.",117,7.3,84
Kathi Kanta Rao,2010.0,,Comedy            ,,0,6.5,84
Nakshatram,2017.0,UA,Action            ,    A police aspirant dons the uniform of a sincere police officer who goes missing and unfolds the nexus behind the officer's sudden disappearance.,167,4.3,83
Om Shanti,2010.0,,Romance            ,    Anand (Navdeep) is a bachelor who works in a software company. Everything goes well for him and he is happy. He wants to settle down in life by getting married and meets Anjali (Aditi ...                See full summary »,0,5.1,82
Pellaina Kothalo,2006.0,U,Drama            ,    A prosperous couple struggle for dominance.,180,6.2,82
Anukunnadi Okkati Ayyindhi Okati,2020.0,A,"Comedy, Crime, Drama            ","    The story of four metropolitan girls who are very close to each other from childhood. A Journalist, a fashion designer working for movies, a software engineer and a home maker are these girls.",122,5.6,82
Grahanam,2004.0,A,Drama            ,,91,8.0,82
D for Dopidi,2013.0,,"Comedy, Crime            ",,0,5.8,81
Mithai,2019.0,Not Rated,"Crime, Drama, Romance            ",    The Dude abides but he must help two losers find the thief in a twisted plot of love and fate.,140,4.4,79
Luv U Alia,2015.0,UA,"Family, Romance            ",    Can a boy in love win over his beloved's heart and change her views on love and commitment?,130,5.2,79
Brother of Bommali,2014.0,,"Action, Drama            ","    Naresh And Karthika Are Brothers And Sisters Karthika Is A Great Fighter Too,She Fight Well And She Is Well Practised Karate In Her Small Age . After They Two Grown up, Naresh Met A Girl ...                See full summary »",160,5.8,79
Mr. Pellikodukku,2013.0,U,"Comedy, Drama            ","    A guy falls in love with a girl, but she doesn't want to marry him.",150,5.2,79
Broker,2010.0,,Drama            ,,0,7.3,79
Current,2009.0,,Romance            ,    A college boy (Sushanth) falls in love with Sneha(Sneha Ullal).His trails to convince her to prove his love is the remaining part,0,5.6,79
Evadi Gola Vadide,2005.0,UA,"Comedy, Drama, Romance            ",    A lot of hilarious sequences happen when Veera Shankar runs away to Bangkok inorder to escape his marriage.,150,6.4,79
Chuttalabbayi,2016.0,UA,Action            ,"    A loan recovery agent assists a young woman run away from home, without realizing that she is the sister of a police commissioner, who thinks that they are eloping together. What will the future hold in store for them?",135,6.1,78
Columbus,2015.0,UA,Comedy            ,"    Ashwin(Sumanth Ashwin) is a college going youth who falls in love with Indu(Mishti). As time passes by, Ashwin leaves all his career goals behind and lives life with only Indu's point of ...                See full summary »",127,6.9,78
Raagala 24 Gantallo,2019.0,UA,Thriller            ,    A happy wife is accused of her husband's suspicious death.,134,5.7,78
Andala Ramudu,2006.0,,Comedy            ,,0,5.6,78
Thipparaa Meesam,2019.0,UA,Romance            ,"    An extremely talented DJ working in a local night pub, who is also a spoiled brat, gets involved in an adventure where he must fight against all odds to survive.",152,6.4,77
Manasuku Nachindhi,2018.0,,Romance            ,"    Nithya (Amyra Dastur) and Suraj (Sundeep Kishen) are best friends who live together in Goa. While Nithya loves nature and finds solace in it, Suraj is an aimless youth, who likes to party. ...                See full summary »",148,6.1,76
Om 3D,2013.0,UA,"Action, Thriller            ","    Arjun shares a deep bond with his father Harishchandra, an influential man with many enemies. As Arjun sets out to thwart the plans of the enemies to kill his father, he learns a shocking truth.",107,5.5,76
Action,2013.0,,Comedy            ,"    Bava (Allari Naresh), Ajay (Kick Shyam), Shiva (Vaibhav) and Purush (Raju Sundaram) are thick friends. They grow up together and share everything in life. While Bava is an easy going person...                See full summary »",146,5.0,76
Dongala Bandi,2008.0,,Comedy            ,,0,6.0,76
Love Today,2004.0,,"Drama, Romance            ",,0,7.8,76
Samanyudu,2006.0,UA,Action            ,    Chandra is the editor of the newspaper 'Addam'. He has a gang of friends who help him with the operations. Chandra is a victim of home minister Raju who murdered his father. Chandra wants ...                See full summary »,0,7.2,76
Jyothi Lakshmi,2015.0,,Drama            ,    Jyothi Lakshmi revolves around the life of a small time heroine struggling in the film industry and the perspectives of various people who have a low opinion about girls working in the film industry.,135,5.8,75
Avakai Biryani,2008.0,U,"Family, Romance            ","    Lakshmi, a Brahmin girl who dreams to be an entrepreneur, and, Akbar, a Muslim auto driver who hopes to become a commerce graduate , fall in love. Challenges they overcome that stand in their way to become ONE.",0,6.9,75
Akasa Veedhilo,2001.0,,"Drama, Family            ",,0,4.9,74
Totti Gang,2002.0,,Comedy            ,"    Best buddies since childhood. They form a band that does multi purpose jobs like acting as band of boys for marriages, professional catchers of dogs, and cremation service guys.",0,6.7,74
Allari,2002.0,,"Comedy, Romance            ",    A coming of age story of triangular romance between a boy and two girls that explores the twin emotions of true love and teenage infatuation in a boy who perpetually finds himself in complicated situations both at home and outside.,0,6.7,73
Savitri,2016.0,,"Comedy, Drama, Family            ","    Savitri is a girl who is fascinated with wedding ceremonies. When she gets engaged, she travels to Shirdi and in the train she meets a doctor Rishi, who falls in love with her. Meanwhile, ...                See full summary »",128,5.9,72
143,2004.0,,"Action, Romance, Thriller            ","    A man elopes with his childhood sweetheart, but soon fate separates them. The woman finds herself with a Communist guerrilla group and the man lands up at the house of a journalist, both thinking that the other is no more.",143,5.2,72
Krishnamma Kalipindi Iddarini,2015.0,,"Drama, Romance            ",    This film is the remake of the hit Kannada film - Charminar. This is the journey of love of a young boy. The film shows how love can inspire and aspire to be the best and give the best to ...                See full summary »,0,7.3,71
Nandhi,2002.0,UA,"Action, Drama            ","    A murderer, wants an honest peaceful life, go to law college to complete his graduation.",125,7.2,71
Sons of Ram,2012.0,U,"Animation, Drama, Musical            ","    Surayavanshi Ram of Ayodhya, the greatest warrior king that ever lived, was forced to send his beloved wife Sita into exile, thus leading him and his kingdom to despair and towards an empty...                See full summary »",85,6.5,71
Bava Nachadu,2001.0,,"Comedy, Drama, Romance            ",    A happy marriage lands in trouble after the wife's sister develops an infatuation with her brother-in-law.,0,3.9,71
Seema Simham,2002.0,,"Action, Drama            ",,0,5.0,71
Sandade Sandadi,2002.0,,"Comedy, Drama            ",,0,6.1,71
Sher,2015.0,UA,Action            ,    A working-class hero with the heart of a tiger rubs a gangster the wrong way; the two struggle for dominance for the duration of the movie.,109,4.8,70
Kaamannana Makkalu,2008.0,UA,"Action, Comedy, Drama            ","    Three thieves Kaamanna and his adopted sons Krishna and Rama, decide to mend their ways.",0,6.8,70
Vinayakudu,2008.0,U,"Comedy, Romance            ","    Karthik and Kalpana do not get along very well initially but eventually they become friends. When Kalpana breaks off with Rajeev, she gets close to Karthik. But a small misunderstanding ruins all.",133,7.1,70
Kathanam,2019.0,UA,"Mystery, Thriller            ",    Anu (Anasuya Kasaba) an aspiring director develops a script on a producer's request. Twist in the tale arises when the murders scripted in the story start happening in real life. The parallel story is crux of Kathanam.,117,3.9,70
Patel S.I.R,2017.0,,Action            ,"    Subhash Patel(Jagapati Babu) is a retired military officer who leads a happy and pleasant life with his family. Because of some unexpected events in his life, he targets DR's (Kabir Singh) ...                See full summary »",130,5.4,69
Nagarahaavu,2016.0,UA,Fantasy            ,    A woman is reborn as a snake to avenge her own murder.,142,5.5,69
Selfie Raja,2016.0,,Comedy            ,"    Selfie Raja is a comedy entertainer about a guy, who runs into a host of problems because of his addiction to selfies.",128,5.6,69
Wish You Happy Breakup,2016.0,UA,"Comedy, Drama, Romance            ","    The story unfolds with 'Someone' about to commit suicide after the girl he loves ditches him. As he prepares to kill himself, he receives a call from his friend who suggests watching a ...                See full summary »",107,7.4,69
Lovers,2014.0,,Romance            ,"    All efforts to get a partner in life by Siddhu (Sumanth Ashwin) are thwarted by Chitra (Nanditha), who he has never seen. Siddhu falls in love with a girl, who he does not realize is the ...                See full summary »",130,6.6,69
Radha Gopalam,2005.0,,Drama            ,    The clash between husband and wife when they are standing against each other on the same case and how did they survive the ego tiff ?,153,6.3,69
Rangula Raatnam,2018.0,U,Romance            ,"    Vishnu is a happy go software engineer sharing a very close bond with his mom. She even suggests him to love a girl. With this, as time passes, he falls in love with Keerthi. After this, ...                See full summary »",137,6.2,68
Adda,2013.0,,Drama            ,    This story is about a marriage commission agent who fixes and makes arrangements for rejection of marriage according to client. This boy starts loving her client who came to make arrangements for her sister's marriage rejection.,0,6.0,68
Ela Cheppanu,2003.0,,Romance            ,,0,6.1,68
Brahma,2014.0,UA,"Action, Comedy, Drama            ","    Bramha (Upendra) a notorious gangster who is a nightmare for politicians and the police. The Police appoint ACP Shinde to nab Bramha, but Brahma escapes to Malaysia on a secret mission ...                See full summary »",0,5.4,67
Madatha Kaaja,2011.0,UA,Comedy            ,    A comic account of a police informer who comes across two dangerous criminal dons whom he wishes to bring to justice.,141,5.4,67
Dollar Dreams,2000.0,U,Drama            ,    Youngsters decide whether to make careers and settle down in the United States or in their homeland (India).,100,7.9,67
Betting Bangarraju,2010.0,U,Comedy            ,,0,6.3,67
Athili Sathibabu LKG,2007.0,UA,Comedy            ,,149,5.3,67
Vinara sodara veera kumara,2019.0,UA,"Drama, Romance            ",    Vinara Sodara Veera Kumara is an unusual story of love and realization. Ramana (Srinivas Sai) falls in love with Sulochana (Priyanka Jain) but their relationship fails to materialize due to...                See full summary »,0,7.6,67
Bandipotu,2015.0,,"Comedy, Crime, Drama            ",    A woman with the help of a con man avenges her father's backstabbers.,140,6.2,66
Onamalu,2012.0,U,Drama            ,    A Feel Good Heart Touching Movie..Must Watch..!!!!,0,8.0,66
Vaana,2008.0,U,Romance            ,    The story of a young man who sacrifices his love for the happiness of everyone around him.,0,6.5,66
Jodi,2019.0,,Romance            ,    Kapil (Aadi Saikumar) falls for Kanchana Mala (Shraddha Srinath) because of her ideals. But what happens when Kapil's father's (Naresh) ideals cause issues for them?,130,6.2,66
Madhumasam,2007.0,U,Romance            ,"    A relationship between two opposites, an overly practical Sanjay and a hopelessly romantic Hamsa",139,6.6,66
Team 5,2017.0,U,"Adventure, Sport            ",    Akhil who is the back bone of his gang participates in racing tournaments all around the city along with his gang mates. Akhil's life takes a dramatic turn when he falls in love with an event manager Irene.,101,4.4,65
Ice Cream 2,2014.0,A,"Horror, Thriller            ",    Fate of a short film crew vs burglar crew who just robbed a bank.,87,3.6,65
Okkadine,2013.0,,"Action, Romance            ",    Shailaja comes in contact with a happy family when she visits her friend's village. Things take turn when she learns that they all died two years back.,133,5.6,65
Kiccha Huccha,2010.0,UA,"Drama, Romance            ",,139,6.0,65
Visakha Express,2008.0,A,"Action, Crime, Drama            ",    A mentally imbalanced doctor goes on the run from the police after being accused of killing his alcoholic father.,99,5.0,65
Aaviri,2019.0,UA,"Drama, Thriller            ","    After losing their first child in an accident, a couple moves to a palatial home, where their young daughter comes under the spell of an eerie spirit.",0,4.5,65
Next Nuvve,2017.0,A,Horror            ,    A hotel business owner (Aadi Sai Kumar) is blackmailed by his partner (Jayaprakash Reddy) to repay his debt in order to save lives of hotel customers.,142,5.8,64
Joru,2014.0,,Comedy            ,"    Friends on a road trip pick up a damsel in distress, only to find themselves pursued by goons who are apparently after said damsel.",140,5.6,64
Ko antey koti,2012.0,,"Comedy, Crime, Romance            ",,0,6.2,64
Kalyan Ram Kathi,2010.0,UA,"Action, Drama            ","    A football player, who's also a protective brother, unleashes his rage when his sister goes missing and is found married to a person harassing her.",129,6.0,64
Priyamyna Neeku...,2001.0,,"Drama, Romance            ","    Evocative and eloquent, this touching romantic tale traces the twists and turns in the life of a quiet, introverted young woman, who falls in love with her friend's brother. When her own ...                See full summary »",0,6.8,64
Vamsodharakudu,2000.0,,Drama            ,,0,6.4,64
Mantra 2,2013.0,,"Comedy, Crime, Horror            ",    A girl living with an old couple in their house as paying guest finds out that the old couple died years ago and the house where she lives is seized by police.,88,4.5,63
Prema Ishq Kaadhal,2013.0,UA,Drama            ,"    Three youngsters are out in life with no intent of the future, until they meet three lovely ladies. What happens next, changes their perspective of life.",140,6.8,63
Galipatam,2014.0,A,Drama            ,"    Galipatam is the story of a couple Karthi (Aadi) and Swetha (Erica Fernandes) who are considered as the best couple but actually have their own differences. One thing leads to another, and ...                See full summary »",135,5.7,63
Katha,2009.0,,Drama            ,    Chitra (Genelia) is a loner and she comes to Araku seeking employment as a teacher in a kids school. Krishna (Arun) is an aspiring director. He comes to Araku to do trail shoot and complete...                See full summary »,0,6.5,63
Lakshmi Kalyanam,2007.0,,"Action, Drama            ",,0,5.3,63
Avunanna Kadanna,2005.0,U,Romance            ,"    Mangaraju is the dreaded landlord of Lanka. He forcibly grabs the lands and farms of farmers in Lanka. In the process, he grabs the land of Ravi's father. Ravi grows up in a nearby village....                See full summary »",0,5.7,63
Balakrishnudu,2017.0,UA,"Action, Comedy, Romance            ","    A local toughie is hired as a bodyguard to protect a girl from the rivals of her family and becomes a natural target for her enemies. In the process, he ends up falling in love with her.",130,4.6,62
Partha,2003.0,UA,"Action, Romance            ",,147,7.1,62
Athade Oka Sainyam,2004.0,,Action            ,,0,7.1,62
Garam,2016.0,UA,"Action, Romance            ","    An unemployed troublemaker is forced by his father to leave home and go in search of work to the city of Hyderabad, where the youngster promptly falls in love. Can he learn responsibility and protect his loved ones?",147,4.9,61
Raja Cheyyi Vesthe,2016.0,,"Action, Romance, Thriller            ","    An aspiring film director narrates a breath-taking story to his girlfriend in a coffee shop. An unknown message knocks the door the next day, asking him to write a love story. He sends his ...                See full summary »",144,5.7,61
It's My Love Story,2011.0,,Romance            ,    It's My Love Story is the story of Arjun (Aravind Krishna) and Vandana (Nikhita Narayan) who meet in an unexpected way and are forced to live together. Both of them fall in love but when ...                See full summary »,0,5.9,61
Okariki Okaru,2003.0,U,Romance            ,,0,7.7,61
Kurradu,2009.0,A,Action            ,    Varun is a youngster from a middle class family. He is passionate about bikes and it's his dream to own a bike. Varun buys a bike and uses it positively to get a job of recovery agent for a...                See full summary »,133,4.5,61
Homam,2008.0,UA,Action            ,    Telugu version of The Departed.,148,5.8,61
Raahu,2020.0,A,Thriller            ,"    Bhanu suffers from 'conversion disorder a.k.a hysterical blindness' where she goes temporarily blind under severe stress, in her case triggered upon seeing blood, must fight her enemy who inflicts more bloodshed than she ever imagined.",123,6.6,61
Bhale Manchi Chowka Beram,2018.0,UA,"Comedy, Drama, Thriller            ",    Two friends try to sell country's secrets to terrorists and face some dramatic consequences.,134,6.4,60
Bhairava Geetha,2018.0,,Drama            ,"    Bhairava Geetha is a bilingual presented by Ram Gopal Varma. Story of Geetha (Irra Mor), who belongs to a family with a hard-core faction backdrop, returns to her village after her ...                See full summary »",119,5.0,60
Naanna Nenu Naa Boyfriends,2016.0,UA,Family            ,    Padmavati / Paddu (Hebah Patel) is the adored daughter of Raghava Rao (Rao Ramesh). A Prophesier prophesied Raghava Rao that if he refuses to accept any of her daughter's wish then she will...                See full summary »,140,4.5,60
Basanti,2014.0,UA,Action            ,    A group of students are taken as hostages in their own 'Basanti College' by a gang of terrorists.,122,6.5,60
Mansara,2010.0,,Drama            ,"    A magnificent love story that tests the emotional strength of true love when it is pitted against the brutal force of the martial art, Kalaripayittu.",0,7.2,60
Gaayam 2,2010.0,,"Action, Crime, Drama            ","    Ram is a restaurant owner in Bangkok. Ram leads his life happily with his wife Vidya and adopted son Chaitanya. One day, psychopath killers attempt to molest a female worker at Ram""s ...                See full summary »",0,5.4,60
Village lo Vinayakudu,2009.0,U,Action            ,    Karthik (Krishnudu) runs a play school in Hyderabad and his girl friend Kavya is a doctor. Kavya goes to her village Rajolu to stay with her combined family to attend the engagement of her ...                See full summary »,0,6.7,60
Ammo Okato Tariku,2000.0,,Family            ,    A middle class man fights with various financial troubles due to overpopulated family resolves them by resolving family conflicts.,0,7.3,60
Raksha,2008.0,,Horror            ,    Jagapathi Babu(Rajiv) who is an Atheist finds demonic Behavior in his Daughter Raksha. He then later finds out that it is not a ghost but the possessive power out of some ones Evil Plans.,0,6.1,60
Lakshmi Raave Maa Intiki,2014.0,,"Drama, Family, Romance            ","    Even after knowing that the girl of his dreams and the one he is in love with has been promised to another man, Sai intends to win over her father's heart to ask him for the girl's hand in marriage.",152,4.5,59
Mr. Theertha,2010.0,UA,"Action, Drama, Family            ","    A school teacher wants his son to study mathematics, but he aspires to become a mechanic.",137,6.5,59
Ee Abbai Chala Manchodu,2003.0,U,Comedy            ,,0,5.1,59
Yemaindi Ee Vela,2010.0,,"Drama, Romance            ",,0,5.4,59
Saradaga Kasepu,2010.0,U,Comedy            ,,125,5.6,58
Snehithuda,2009.0,,Romance            ,,0,5.6,58
Kaasi,2004.0,,Romance            ,,0,6.7,58
Prema Pipasi,2020.0,A,Romance            ,    A man goes down a destructive path in his pursuit of true love to the extent of harassing the very woman that he claims to love.,142,8.2,58
Kerintha,2015.0,U,"Drama, Romance            ",    Journey of six students through out their college life where each one has their own issues to deal with.,141,6.5,57
Tripura,2015.0,,"Comedy, Horror            ",    Tripura (Swathi) is village girl who has weird dreams and all those dreams come true.She one day dreams that she will kill her Husband.,151,5.7,57
123,2002.0,,Comedy            ,"    Three men, each with their own special needs, all fall in love with the same woman.",127,5.7,57
Jaffa,2013.0,,Comedy            ,"    Jasmine Phalguna aka Jaffa is a software engineer who is convicted on charges of murder. He becomes the go to guy in jail, and even the jailer becomes an ardent follower. But Jaffa wants to run away.",160,4.8,57
Jai Bolo Telangana,2011.0,,History            ,,0,6.7,57
Nee Sneham,2002.0,,Drama            ,,141,6.4,57
Maro Charitra,2010.0,U,Romance            ,    Maro Charitra is an adaptation of the classic 1978 film of the same name by K Balachander.,0,3.4,57
Rachayitha,2018.0,,Romance            ,"    Aditya Varma's love for Padmavati makes him want to give her a new life as she is desolated but she starts to behave in a strange manner. What happens next, forms the crux.",122,7.2,56
Terror,2016.0,UA,"Action, Thriller            ",    A disgraced cop races against time to prevent an imminent terror attack and discovers the involvement of corrupt politicians and officers from his own department.,130,7.1,56
Avunu Part 2,2015.0,,"Horror, Thriller            ",    The lustful spirit of Captain Raju stalks Mohini till the end in this continuation of the first part. A true part 2 in the sense that the second part picks up from exactly the same shot from where the first part ended.,198,4.9,56
Kashi from Village,2005.0,U,"Action, Drama            ","    Kashi is a family man, who will go great lengths to do anything for his family.",143,6.6,56
Aadu Magaadra Bujji,2013.0,,"Action, Comedy, Romance            ","    Siddhu, a naughty easy going guy falls in love with Indu. But Indu is the sister of Cherry who keeps on protecting his sister from others' eyes. But on the other hand Cherry he loves Anjali...                See full summary »",141,5.9,56
RDX Love,2019.0,A,Drama            ,    RDX Love talks about Alivelu (Payal) who takes charge of a village and solves their issues against all odds.,145,3.2,56
Rajdooth,2019.0,,Drama            ,"    A 25-year-old rouge's quest for an old Rajdooth bike. He, along with his friend backtrack the lost bike from Pochampally to Khammam to various other places in Andhra Pradesh and in the ...                See full summary »",130,6.7,56
Classmates,2007.0,U,"Drama, Mystery, Romance            ","    A group of friends meet after years at their college reunion, where unresolved issues from their past are brought to the fore",156,6.1,56
Intlo Dayyam Nakemi Bhayam,2016.0,,"Comedy, Horror            ",,0,4.7,55
Amrutham Chandamama Lo,2014.0,,"Adventure, Comedy, Fantasy            ","    Amrutham Chandamama Lo is inspired from popular sitcom Amrutham which narrates the rags to riches tale of two friends, Amrutham (Srinivas Avasarala) and Anji (Harish). After numerous ...                See full summary »",139,7.3,55
Nirmala Convent,2016.0,UA,Romance            ,"    In this youthful romance, veteran actor Nagarjuna introduces a new actor to Tollywood.",152,6.2,55
Beach Road Chetan,2019.0,A,"Action, Drama, Sci-Fi            ","    When a happy-go-lucky kind of a guy chances upon a mysterious iPhone, his life turns topsy-turvy to unexpected consequences.",137,7.9,55
Undiporaadhey,2019.0,,Romance            ,    This is a periodical love story based on real-life true events happened during the 1980s. The film revolves around a girl and a boy who meet at college admissions after that their love ...                See full summary »,0,7.2,55
Biwi No. 2,2000.0,,Romance            ,"    Vishal comes from an upper-class family. As he is of marriageable age, his parents want him to get married. Vishal meets with Archana and both fall in love. The respective parents of both ...                See full summary »",0,5.8,55
Nandini Nursing Home,2016.0,,Comedy            ,"    A young doctor, a patient in a coma, and the manager of a nursing home negotiate a series of hilarious events.",152,7.2,54
Nenu,2004.0,,,"    Neelo nenu is a 2004 Indian Telugu Movie directed by E. Sathibabu. Produced by Sambhavu Ratna. film Star cast Allari Naresh, Veda, Abhishek. in lead roles. the film has music by Yash Nanda.",72,6.5,54
Dhairyam,2005.0,,Romance            ,,0,3.8,54
Pravarakyudu,2009.0,,Family            ,"    Sasi (Jagapathi Babu) and Sailaja (Priyamani) who think are in love during their college separate ways as their ideologies don't meet. Ten years later, Sasi returns to India and tries to win back her love.",154,5.7,54
Choosi Choodangaane,2020.0,UA,Romance            ,"    The film portrays Siddu's life through the years, falling in love with Aishwarya for the first time while in college, and later meeting Shruti, a drummer, alongside his struggle to become a fashion photographer.",113,7.1,54
Burra katha,2019.0,U/A,"Comedy, Romance            ",    Abhi and Ram are two personalities in the same body whose lives get complicated when Abhi falls in love with Happy.,150,5.1,54
Mayabazaar,2006.0,U,"Comedy, Family            ","    Myth, Magic and Money play some interesting twists in the life of a couple.",150,6.7,54
365 Days,2015.0,,"Drama, Romance            ",    This film tracks a hasty marriage through its first 365 days.,110,5.3,53
Maa Alludu Verygood,2003.0,,Romance            ,,0,5.9,53
Sambaram,2003.0,,Drama            ,,0,5.8,53
Krishnashtami,2016.0,,"Action, Comedy, Romance            ","    Krishnashtami tells the story of an NRI who returns to India with a definite purpose. This romantic entertainer is told with large doses of comedy, romance and family values.",160,5.2,52
Malaikottai,2007.0,U,Action            ,    Anbu gets into a fracas with a local politician and his comic henchmen while trying to save a friend and is arrested.,144,5.2,52
Thakita Thakita,2010.0,UA,"Drama, Romance            ",,138,6.5,52
Inkosari,2010.0,,Drama            ,,0,6.5,52
Kalusukovalani,2002.0,U,Romance            ,,0,6.6,52
Raam,2006.0,,Drama            ,,0,4.3,52
Neeku Nenu Naaku Nuvvu,2003.0,,Drama            ,,0,4.8,52
Taskara,2015.0,U,Thriller            ,    A mysterious hacker steals 10 trillion rupees from the central bank of his country.,104,6.2,51
SMS - Siva Manasulo Sruthi,2012.0,,Comedy            ,"    Shiva (Sudheer Babu) is a carefree young man who works in a courier company as a delivery boy. During a train journey, he comes across Shruti (Regina), who works as a radio jockey. Shiva ...                See full summary »",0,6.5,51
Nammanna,2005.0,UA,"Action, Drama            ",,0,6.3,51
Neeku Naaku Dash Dash,2012.0,,Thriller            ,,165,6.4,51
Sneha Geetham,2010.0,,Drama            ,,0,6.4,51
Baachi,2000.0,,Action            ,,0,4.7,51
Ammo Bomma,2001.0,,"Comedy, Horror, Thriller            ","    While dying in a shootout, a gangster transfers his soul into a ventriloquist's doll. After resurrecting, he tries to find a way to turn into a human again.",0,6.1,51
Swagatam,2008.0,,Drama            ,,0,5.8,51
Evadithe Nakenti,2007.0,U,"Action, Crime, Drama            ",    An army officer endangers his life and alienates himself from his family when he decides to fight corruption.,0,6.5,51
Kalyana Ramudu,2003.0,,,,0,6.9,51
Adhugo,2018.0,UA,Drama            ,"    Bunty, the little pink piglet is the apple of Chanti's (Sathwik) eye. But what happens when this innocent little creature is embroiled with people who each have their own agenda to seek?",110,6.1,50
Seethamma Andalu Ramayya Sitralu,2016.0,,"Comedy, Romance            ","    Sri Ram (Raj Tarun) is a young village guy, who starts loving a girl Seetha mahalakshmi (Arthana Binu) from young age. Sri Ram remains in the village, Seetha goes to the city for higher ...                See full summary »",0,4.2,50
Raaj,2011.0,UA,"Drama, Romance            ",    Raaj reluctantly marries Mythili after the woman that he actually loves mysteriously disappears from his life.,155,4.6,50
Takkari,2007.0,,Comedy            ,,0,4.5,50
Victory,2008.0,,"Action, Drama            ","    Nitin plays the role of a vibrant, energetic youngster who is also a well responsible boy. The film throws light on the dreadedLand Mafia. Nitin who fight against them at last wins over ...                See full summary »",143,4.3,50
Screenplay of an Indian Love Story,2020.0,A,Drama            ,"    An immensely successful film director is getting ready for his latest release when he gets the shock of his life - his wife wants a divorce. He places a condition before her, that the two ...                See full summary »",129,8.9,50
Money Money More Money,2011.0,,Comedy            ,"    Four friends Chakry, Abbas, Raghu, Gogi (JD, Mukul Dev, Brahmaji, Kavin Dev) are going through financial crisis and run out of jobs. They finally decide to do a kidnapping and target Maggie...                See full synopsis »",0,4.3,49
Evaraina Eppudaina,2009.0,,Romance            ,,0,4.9,49
Jakkanna,2016.0,,"Comedy, Drama            ",    The movie is about an attempt by Sunil the protagonist to repay a kindness earns him the wrath of a ruthless gangster Kabir Duhan Singh the antagonist who's wish is to continue his all illegal proceedings.,0,6.3,49
Ninney Ishta Paddaanu,2003.0,U,,"    Hero Charan (Tarun) a middle class family guy, is cheated by Sanjana (Anitha), a girl from rich family. This is to take revenge on him as he teased her in the past. When the hero comes to ...                See full summary »",0,5.9,49
9 Nelalu,2001.0,U,Drama            ,"    Surendra marries Savitri, an orphan. In a turn of events, Surendra meets with an accident and needs money to undergo an operation. Will Savitri be able to raise funds to save her husband's life?",0,7.3,49
